S No,Date,Date_YMD,Status,AN,AP,AR,AS,BR,CT,DN,DL,GA,GJ,HR,HP,JK,JH,KA,KL,LA,LD,MP,MH,MN,ML,MZ,NL,OR,PY,PB,RJ,SK,TN,TG,TR,UP,UT,WB
1,14-Mar-20,2020-03-14,Deceased,0,0,0,0,0,0,0,1,0,0,0,0,0,0,1,0,0,0,0,0,0,0,0,0,0,0,0,0,0,0,0,0,0,0,0
2,15-Mar-20,2020-03-15,Deceased,0,0,0,0,0,0,0,0,0,0,0,0,0,0,0,0,0,0,0,0,0,0,0,0,0,0,0,0,0,0,0,0,0,0,0
3,16-Mar-20,2020-03-16,Deceased,0,0,0,0,0,0,0,0,0,0,0,0,0,0,0,0,0,0,0,0,0,0,0,0,0,0,0,0,0,0,0,0,0,0,0
4,17-Mar-20,2020-03-17,Deceased,0,0,0,0,0,0,0,0,0,0,0,0,0,0,0,0,0,0,0,1,0,0,0,0,0,0,0,0,0,0,0,0,0,0,0
5,18-Mar-20,2020-03-18,Deceased,0,0,0,0,0,0,0,0,0,0,0,0,0,0,0,0,0,0,0,0,0,0,0,0,0,0,0,0,0,0,0,0,0,0,0
6,19-Mar-20,2020-03-19,Deceased,0,0,0,0,0,0,0,0,0,0,0,0,0,0,0,0,0,0,0,0,0,0,0,0,0,0,1,0,0,0,0,0,0,0,0
7,20-Mar-20,2020-03-20,Deceased,0,0,0,0,0,0,0,0,0,0,0,0,0,0,0,0,0,0,0,0,0,0,0,0,0,0,0,0,0,0,0,0,0,0,0
8,21-Mar-20,2020-03-21,Deceased,0,0,0,0,0,0,0,0,0,0,0,0,0,0,0,0,0,0,0,0,0,0,0,0,0,0,0,0,0,0,0,0,0,0,0
9,22-Mar-20,2020-03-22,Deceased,0,0,0,0,1,0,0,0,0,1,0,0,0,0,0,0,0,0,0,1,0,0,0,0,0,0,0,0,0,0,0,0,0,0,0
10,23-Mar-20,2020-03-23,Deceased,0,0,0,0,0,0,0,0,0,0,0,1,0,0,0,0,0,0,0,0,0,0,0,0,0,0,0,0,0,0,0,0,0,0,1
11,24-Mar-20,2020-03-24,Deceased,0,0,0,0,0,0,0,0,0,0,0,0,0,0,0,0,0,0,0,0,0,0,0,0,0,0,0,0,0,1,0,0,0,0,0
12,25-Mar-20,2020-03-25,Deceased,0,0,0,0,0,0,0,0,0,0,0,0,0,0,0,0,0,0,1,0,0,0,0,0,0,0,0,0,0,0,0,0,0,0,0
13,26-Mar-20,2020-03-26,Deceased,0,0,0,0,0,0,0,0,0,2,0,0,1,0,1,0,0,0,0,1,0,0,0,0,0,0,0,0,0,0,0,0,0,0,0
14,27-Mar-20,2020-03-27,Deceased,0,0,0,0,0,0,0,0,0,0,0,0,0,0,1,0,0,0,1,1,0,0,0,0,0,0,0,0,0,0,0,0,0,0,0
15,28-Mar-20,2020-03-28,Deceased,0,0,0,0,0,0,0,0,0,1,0,0,0,0,0,1,0,0,0,2,0,0,0,0,0,0,0,0,0,0,1,0,0,0,0
16,29-Mar-20,2020-03-29,Deceased,0,0,0,0,0,0,0,1,0,1,0,0,0,0,0,0,0,0,0,1,0,0,0,0,0,0,0,0,0,0,0,0,0,0,0
17,30-Mar-20,2020-03-30,Deceased,0,0,0,0,0,0,0,0,0,1,0,0,0,0,0,0,0,0,2,2,0,0,0,0,0,0,2,0,0,0,5,0,0,0,1
18,31-Mar-20,2020-03-31,Deceased,0,0,0,0,0,0,0,0,0,0,0,0,1,0,0,1,0,0,1,1,0,0,0,0,0,0,1,0,0,0,0,0,0,0,1
19,01-Apr-20,2020-04-01,Deceased,0,0,0,0,0,0,0,0,0,0,0,0,0,0,0,0,0,0,1,3,0,0,0,0,0,0,0,0,0,0,3,0,2,0,0
20,02-Apr-20,2020-04-02,Deceased,0,0,0,0,0,0,0,2,0,1,0,0,0,0,0,0,0,0,2,8,0,0,0,0,0,0,1,0,0,0,0,0,0,0,0
21,03-Apr-20,2020-04-03,Deceased,0,1,0,0,0,0,0,2,0,2,0,1,0,0,1,0,0,0,0,5,0,0,0,0,0,0,0,0,0,0,2,0,0,0,0
22,04-Apr-20,2020-04-04,Deceased,0,0,0,0,0,0,0,0,0,1,0,0,0,0,0,0,0,0,3,6,0,0,0,0,0,0,0,1,0,2,0,0,0,0,0
23,05-Apr-20,2020-04-05,Deceased,0,0,0,0,0,0,0,1,0,1,0,0,0,0,0,0,0,0,2,13,0,0,0,0,0,0,2,0,0,2,0,0,1,0,0
24,06-Apr-20,2020-04-06,Deceased,0,2,0,0,0,0,0,0,0,1,2,0,0,0,0,0,0,0,2,7,0,0,0,0,0,0,0,1,0,1,0,0,0,0,0
25,07-Apr-20,2020-04-07,Deceased,0,1,0,0,0,0,0,2,0,2,0,0,1,0,0,0,0,0,6,12,0,0,0,0,1,0,1,0,0,1,0,0,0,0,0
26,08-Apr-20,2020-04-08,Deceased,0,0,0,0,0,0,0,0,0,2,0,0,0,0,1,0,0,0,3,8,0,0,0,0,0,0,1,1,0,1,0,0,1,0,2
27,09-Apr-20,2020-04-09,Deceased,0,2,0,0,0,0,0,3,0,2,0,0,1,1,1,0,0,0,9,25,0,0,0,0,0,0,1,0,0,0,1,0,0,0,0
28,10-Apr-20,2020-04-10,Deceased,0,0,0,1,0,0,0,2,0,1,0,0,0,0,0,0,0,0,4,12,0,0,0,0,0,0,1,0,0,1,0,0,0,0,0
29,11-Apr-20,2020-04-11,Deceased,0,0,0,0,0,0,0,5,0,3,0,0,0,0,0,1,0,0,4,17,0,0,0,0,0,0,1,6,0,1,2,0,1,0,0
30,12-Apr-20,2020-04-12,Deceased,0,1,0,0,0,0,0,5,0,2,1,0,0,1,0,0,0,0,3,22,0,0,0,0,0,0,0,2,0,1,2,0,0,0,2
31,13-Apr-20,2020-04-13,Deceased,0,0,0,0,0,0,0,4,0,2,0,0,0,0,2,0,0,0,7,11,0,0,0,0,0,0,0,0,0,0,1,0,0,0,0
32,14-Apr-20,2020-04-14,Deceased,0,4,0,0,0,0,0,2,0,2,0,0,0,0,2,0,0,0,3,18,0,0,0,0,0,0,1,0,0,1,1,0,3,0,0
33,15-Apr-20,2020-04-15,Deceased,0,3,0,0,0,0,0,2,0,5,0,0,0,0,2,0,0,0,0,9,0,1,0,0,0,0,0,0,0,2,0,0,3,0,0
34,16-Apr-20,2020-04-16,Deceased,0,0,0,0,0,0,0,6,0,3,0,0,0,0,1,0,0,0,2,7,0,0,0,0,0,0,1,0,0,1,0,0,2,0,3
35,17-Apr-20,2020-04-17,Deceased,0,0,0,0,0,0,0,4,0,5,0,0,1,0,0,0,0,0,14,7,0,0,0,0,0,0,0,6,0,0,0,0,1,0,0
36,18-Apr-20,2020-04-18,Deceased,0,2,0,0,1,0,0,1,0,12,0,0,0,0,1,0,0,0,0,10,0,0,0,0,0,0,2,4,0,0,0,0,0,0,2
37,19-Apr-20,2020-04-19,Deceased,0,1,0,0,0,0,0,2,0,10,0,0,0,0,2,0,0,0,3,12,0,0,0,0,0,0,0,2,0,0,3,0,3,0,0
38,20-Apr-20,2020-04-20,Deceased,0,3,0,0,0,0,0,2,0,8,0,0,0,0,0,0,0,0,4,9,0,0,0,0,0,0,0,2,0,2,2,0,1,0,0
39,21-Apr-20,2020-04-21,Deceased,0,2,0,0,0,0,0,0,0,19,0,0,0,0,1,0,0,0,4,19,0,0,0,0,0,0,0,1,0,1,0,0,3,0,3
40,22-Apr-20,2020-04-22,Deceased,0,2,0,0,0,0,0,1,0,13,0,0,0,0,0,0,0,0,0,18,0,0,0,0,0,0,0,1,0,0,1,0,0,0,0
41,23-Apr-20,2020-04-23,Deceased,0,3,0,0,0,0,0,2,0,9,0,0,0,1,0,0,0,0,3,14,0,0,0,0,0,0,1,1,0,2,1,0,3,0,0
42,24-Apr-20,2020-04-24,Deceased,0,2,0,0,0,0,0,3,0,15,0,0,0,0,1,1,0,0,9,18,0,0,0,0,0,0,0,4,0,2,0,0,1,0,3
43,25-Apr-20,2020-04-25,Deceased,0,2,0,0,0,0,0,1,0,6,0,0,1,0,0,0,0,0,7,22,0,0,0,0,0,0,0,2,0,1,0,0,2,0,0
44,26-Apr-20,2020-04-26,Deceased,0,0,0,0,0,0,0,0,0,18,0,0,0,0,1,0,0,0,4,19,0,0,0,0,0,0,1,7,0,1,0,0,3,0,2
45,27-Apr-20,2020-04-27,Deceased,0,0,0,0,0,0,0,0,0,11,0,0,1,0,1,0,0,0,7,27,0,0,0,0,0,0,1,9,0,0,0,0,1,0,0
46,28-Apr-20,2020-04-28,Deceased,0,0,0,0,0,0,0,0,0,19,0,0,1,0,0,0,0,0,10,31,0,0,0,0,0,0,0,2,0,1,0,0,3,0,2
47,29-Apr-20,2020-04-29,Deceased,0,0,0,0,0,0,0,2,0,16,0,0,0,0,1,0,0,0,10,32,0,0,0,0,0,0,0,3,0,2,0,0,5,0,0
48,30-Apr-20,2020-04-30,Deceased,0,0,0,0,0,0,0,3,0,17,1,0,0,0,1,0,0,0,7,27,0,0,0,0,0,0,1,3,0,0,3,0,1,0,11
49,01-May-20,2020-05-01,Deceased,0,2,0,0,1,0,0,2,0,22,0,0,0,0,0,0,0,0,8,26,0,0,0,0,0,0,0,4,0,1,0,0,2,1,8
50,02-May-20,2020-05-02,Deceased,0,0,0,0,1,0,0,3,0,26,1,0,0,0,3,0,0,0,6,36,0,0,0,0,0,0,0,6,0,1,1,0,1,0,7
51,03-May-20,2020-05-03,Deceased,0,0,0,0,0,0,0,0,0,28,0,0,0,0,0,0,0,0,5,27,0,0,0,0,0,0,1,3,0,1,0,0,0,0,74
52,04-May-20,2020-05-04,Deceased,0,0,0,0,0,0,0,0,0,29,1,0,0,0,2,0,0,0,9,35,0,0,0,0,0,0,2,6,0,1,0,0,7,0,11
53,05-May-20,2020-05-05,Deceased,0,1,0,0,0,0,0,0,0,49,0,1,0,0,2,0,0,0,11,34,0,0,0,0,1,0,2,12,0,2,0,0,6,0,7
54,06-May-20,2020-05-06,Deceased,0,2,0,0,0,0,0,1,0,28,1,0,0,0,0,0,0,0,9,34,0,0,0,0,0,0,2,4,0,2,0,0,4,0,4
55,07-May-20,2020-05-07,Deceased,0,2,0,0,1,0,0,1,0,29,0,0,1,0,1,0,0,0,8,43,0,0,0,0,0,0,1,6,0,2,0,0,2,0,7
56,08-May-20,2020-05-08,Deceased,0,3,0,1,0,0,0,2,0,24,1,0,0,0,0,0,0,0,7,37,0,0,0,0,0,0,1,4,0,3,0,0,4,0,9
57,09-May-20,2020-05-09,Deceased,0,3,0,-1,0,0,0,0,0,23,1,0,0,0,0,0,0,0,11,48,0,0,0,0,1,0,2,3,0,4,1,0,8,0,11
58,10-May-20,2020-05-10,Deceased,0,1,0,0,1,0,0,5,0,21,1,0,0,0,1,0,0,0,4,53,0,0,0,0,0,0,0,2,0,3,0,0,5,0,14
59,11-May-20,2020-05-11,Deceased,0,0,0,0,0,0,0,0,0,20,1,0,1,0,0,0,0,0,6,36,0,0,0,0,0,0,0,5,0,6,0,0,1,0,5
60,12-May-20,2020-05-12,Deceased,0,1,0,0,0,0,0,13,0,24,0,0,0,0,0,0,0,0,4,53,0,0,0,0,0,0,1,4,0,8,2,0,2,0,8
61,13-May-20,2020-05-13,Deceased,0,1,0,0,1,0,0,20,0,29,0,0,1,0,2,0,0,0,7,54,0,0,0,0,0,0,0,4,0,3,2,0,4,0,9
62,14-May-20,2020-05-14,Deceased,0,1,0,0,0,0,0,9,0,20,0,0,0,0,2,0,0,0,5,44,0,0,0,0,0,0,0,4,0,2,0,0,2,0,8
63,15-May-20,2020-05-15,Deceased,0,0,0,0,0,0,0,8,0,20,2,0,0,0,1,0,0,0,2,49,0,0,0,0,0,0,0,0,0,5,0,0,7,0,10
64,16-May-20,2020-05-16,Deceased,0,1,0,0,1,0,0,6,0,19,0,0,1,0,0,0,0,0,4,67,0,0,0,0,0,0,0,1,0,4,0,0,9,0,7
65,17-May-20,2020-05-17,Deceased,0,1,0,0,0,0,0,19,0,34,1,0,1,0,1,0,0,0,5,63,0,0,0,0,1,0,3,5,0,4,0,0,8,0,6
66,18-May-20,2020-05-18,Deceased,0,0,0,2,1,0,0,12,0,35,0,0,2,0,0,0,0,0,4,51,0,0,0,0,0,0,2,7,0,3,0,0,6,0,6
67,19-May-20,2020-05-19,Deceased,0,2,0,0,0,0,0,6,0,25,0,1,2,0,3,0,0,0,6,76,0,0,0,0,1,0,1,5,0,3,4,0,5,0,6
68,20-May-20,2020-05-20,Deceased,0,1,0,0,0,0,0,10,0,30,0,0,1,0,1,0,0,0,9,65,0,0,0,0,1,0,0,4,0,3,2,0,4,0,3
69,21-May-20,2020-05-21,Deceased,0,1,0,0,0,0,0,18,0,24,0,0,2,0,0,0,0,0,4,64,0,0,0,0,1,0,1,4,0,7,5,0,11,0,6
70,22-May-20,2020-05-22,Deceased,0,1,0,0,2,0,0,14,0,29,2,0,0,0,0,1,0,0,1,63,0,0,0,0,0,0,0,2,0,4,3,0,14,0,6
71,23-May-20,2020-05-23,Deceased,0,1,0,0,0,0,0,23,0,27,0,0,1,0,1,0,0,0,9,60,0,0,0,0,0,0,0,7,0,5,1,0,3,0,4
72,24-May-20,2020-05-24,Deceased,0,0,0,0,0,0,0,30,0,29,0,0,0,1,0,1,0,0,9,58,0,0,0,0,0,0,1,3,0,8,4,0,6,2,3
73,25-May-20,2020-05-25,Deceased,0,0,0,0,2,0,0,15,0,30,0,0,2,0,2,0,0,0,10,60,0,0,0,0,0,0,0,4,0,7,3,0,8,1,6
74,26-May-20,2020-05-26,Deceased,0,1,0,0,1,0,0,12,0,27,0,0,1,0,0,1,0,0,5,97,0,0,0,0,0,0,0,3,0,11,1,0,8,0,5
75,27-May-20,2020-05-27,Deceased,0,1,0,0,1,0,0,15,0,23,2,2,2,0,3,0,0,0,8,105,0,0,0,0,0,0,0,3,0,6,6,0,5,0,6
76,28-May-20,2020-05-28,Deceased,0,1,0,0,0,0,0,13,0,22,1,0,1,0,0,1,0,0,8,85,0,0,0,0,0,0,0,7,0,12,4,0,15,0,6
77,29-May-20,2020-05-29,Deceased,0,1,0,0,0,1,0,82,0,20,0,0,1,1,1,1,0,0,13,116,0,0,0,0,2,0,2,4,0,9,4,0,4,0,7
78,30-May-20,2020-05-30,Deceased,0,0,0,0,6,0,0,18,0,27,1,0,0,0,1,1,0,0,9,99,0,0,0,0,0,0,2,9,0,6,6,0,12,1,7
79,31-May-20,2020-05-31,Deceased,0,2,0,0,2,0,0,57,0,31,0,0,0,0,2,0,0,0,7,89,0,0,0,0,0,0,1,1,0,13,5,0,4,0,8
80,01-Jun-20,2020-06-01,Deceased,0,2,0,0,0,0,0,50,0,25,1,0,3,0,1,1,0,0,8,76,0,0,0,0,0,0,-1,5,0,11,6,0,5,0,8
81,02-Jun-20,2020-06-02,Deceased,0,0,0,0,1,1,0,33,0,29,2,0,2,0,0,1,1,0,6,103,0,0,0,0,0,0,2,4,0,13,4,0,7,2,10
82,03-Jun-20,2020-06-03,Deceased,0,4,0,0,1,0,0,59,0,30,0,0,1,0,1,0,0,0,7,122,0,0,0,0,0,0,1,6,0,8,7,0,1,1,10
83,04-Jun-20,2020-06-04,Deceased,0,3,0,0,3,0,0,44,0,33,1,0,1,1,4,3,0,0,6,123,0,0,0,0,0,0,0,4,0,15,6,0,15,2,10
84,05-Jun-20,2020-06-05,Deceased,0,2,0,0,1,0,0,49,0,35,0,0,1,1,0,0,0,0,7,139,0,0,0,0,1,0,1,5,0,12,8,0,12,1,11
85,06-Jun-20,2020-06-06,Deceased,0,0,0,0,0,2,0,53,0,29,0,0,3,0,2,1,0,0,15,120,0,0,0,0,0,0,2,13,0,19,10,0,11,0,17
86,07-Jun-20,2020-06-07,Deceased,0,2,0,0,1,0,0,51,0,30,4,0,2,0,2,0,0,0,13,91,0,0,0,0,1,0,1,9,0,18,14,0,7,2,13
87,08-Jun-20,2020-06-08,Deceased,0,0,0,0,1,0,0,62,0,31,11,0,4,0,3,1,0,0,2,109,0,0,0,0,0,0,2,6,0,17,5,0,8,0,9
88,09-Jun-20,2020-06-09,Deceased,0,2,0,1,2,1,0,31,0,33,6,0,3,1,2,0,0,0,6,120,0,0,0,0,0,0,2,9,0,18,6,1,18,0,10
89,10-Jun-20,2020-06-10,Deceased,0,1,0,1,1,1,0,79,0,34,7,1,3,0,3,1,0,0,7,149,0,0,0,0,0,0,0,4,0,19,8,0,20,2,17
90,11-Jun-20,2020-06-11,Deceased,0,2,0,0,0,0,0,101,0,38,12,0,1,0,3,1,0,0,4,152,0,0,0,0,1,2,4,6,0,23,9,0,24,1,10
91,12-Jun-20,2020-06-12,Deceased,0,0,0,2,1,0,0,129,0,31,6,0,1,0,7,1,0,0,9,127,0,0,0,0,1,1,4,7,0,18,9,0,20,5,9
92,13-Jun-20,2020-06-13,Deceased,0,2,0,0,0,0,0,57,0,33,8,0,2,0,3,0,0,0,7,113,0,0,0,0,0,0,2,10,0,30,8,0,20,2,12
93,14-Jun-20,2020-06-14,Deceased,0,2,0,0,1,3,0,56,0,29,10,0,4,0,5,0,0,0,12,120,0,0,0,0,1,1,2,10,0,38,3,0,14,1,12
94,15-Jun-20,2020-06-15,Deceased,0,2,0,0,2,0,0,73,0,28,12,0,3,1,2,1,0,0,6,178,0,0,0,0,0,0,4,9,0,44,2,0,18,0,10
95,16-Jun-20,2020-06-16,Deceased,0,2,0,0,1,0,0,437,0,28,18,0,1,0,7,0,0,0,11,1409,0,0,0,0,0,0,1,7,0,49,4,0,18,1,10
96,17-Jun-20,2020-06-17,Deceased,0,2,0,0,0,0,0,67,0,27,12,0,1,1,8,0,0,0,6,114,0,0,0,0,0,1,6,5,0,48,1,0,30,1,11
97,18-Jun-20,2020-06-18,Deceased,0,2,0,1,5,0,0,65,0,31,4,0,7,1,12,1,0,0,4,100,0,0,0,0,0,1,5,17,0,49,3,0,23,0,12
98,19-Jun-20,2020-06-19,Deceased,0,4,0,0,5,1,0,66,0,27,10,0,4,0,9,0,0,0,9,142,0,0,0,0,0,1,9,3,0,41,3,0,19,0,11
99,20-Jun-20,2020-06-20,Deceased,0,5,0,0,0,1,0,77,0,20,5,0,6,0,9,0,0,0,6,91,0,0,0,0,1,0,6,4,0,38,5,0,22,1,11
100,21-Jun-20,2020-06-21,Deceased,0,5,0,0,2,0,0,63,0,25,11,0,1,0,5,0,0,0,14,186,0,0,0,0,4,1,1,12,0,53,7,0,21,0,15
101,22-Jun-20,2020-06-22,Deceased,0,5,0,0,1,1,0,58,1,21,9,0,3,0,5,0,0,0,6,113,0,0,0,0,2,0,2,7,0,37,7,0,19,1,14
102,23-Jun-20,2020-06-23,Deceased,0,8,0,0,2,0,0,68,1,26,9,0,2,0,8,1,0,0,4,248,0,0,0,0,3,1,4,9,0,39,3,0,19,2,11
103,24-Jun-20,2020-06-24,Deceased,0,10,1,0,1,0,0,64,0,25,10,0,1,1,14,0,0,0,9,208,0,0,0,0,0,0,8,10,0,33,5,0,8,5,11
104,25-Jun-20,2020-06-25,Deceased,0,7,0,0,1,0,0,64,0,18,10,1,2,0,6,0,0,0,8,192,0,0,0,0,0,0,7,4,0,45,5,0,15,1,15
105,26-Jun-20,2020-06-26,Deceased,0,10,0,0,0,1,0,63,0,18,13,0,1,0,10,0,0,0,4,175,0,0,0,0,0,0,2,1,0,46,7,0,19,1,10
106,27-Jun-20,2020-06-27,Deceased,0,11,0,1,2,0,0,66,0,18,7,0,2,0,11,0,0,0,4,167,0,0,0,0,1,1,6,11,0,68,6,0,19,0,13
107,28-Jun-20,2020-06-28,Deceased,0,12,0,1,4,0,0,65,1,19,5,0,1,0,16,0,0,0,7,156,0,0,0,0,3,1,5,8,0,54,4,0,11,1,10
108,29-Jun-20,2020-06-29,Deceased,0,11,0,0,1,0,0,57,0,19,9,0,1,3,19,1,0,0,7,181,0,0,0,0,2,0,5,6,0,62,6,0,12,1,14
109,30-Jun-20,2020-06-30,Deceased,0,7,0,1,5,0,0,62,0,20,4,1,6,0,20,1,0,0,8,245,0,0,0,0,2,1,6,8,0,60,7,0,25,2,15
110,01-Jul-20,2020-07-01,Deceased,0,6,0,0,5,1,0,61,1,21,4,0,4,0,7,1,0,0,9,198,0,0,0,0,1,0,5,8,0,63,7,0,21,0,15
111,02-Jul-20,2020-07-02,Deceased,0,5,0,2,5,0,0,61,0,19,11,0,10,0,19,0,0,0,8,125,0,0,0,0,2,0,3,9,0,57,8,0,17,1,16
112,03-Jul-20,2020-07-03,Deceased,0,8,0,0,6,0,0,59,0,18,4,0,4,0,21,0,0,0,4,198,0,0,0,0,2,1,5,10,0,64,8,0,14,0,18
113,04-Jul-20,2020-07-04,Deceased,0,12,0,0,4,0,0,81,2,21,5,1,8,3,42,0,0,0,5,295,0,0,0,0,6,1,5,7,0,65,5,0,24,0,19
114,05-Jul-20,2020-07-05,Deceased,0,14,0,0,2,0,0,63,1,18,5,0,5,1,37,0,0,0,10,151,0,0,0,0,3,0,2,9,0,60,7,0,12,0,21
115,06-Jul-20,2020-07-06,Deceased,0,7,1,0,7,0,0,48,0,17,11,0,6,1,30,2,0,0,9,204,0,0,0,0,2,0,5,5,0,61,11,0,24,0,22
116,07-Jul-20,2020-07-07,Deceased,0,13,0,2,1,0,1,50,1,17,3,0,5,2,15,0,0,0,5,224,0,0,0,0,6,0,6,11,0,65,7,0,18,1,25
117,08-Jul-20,2020-07-08,Deceased,0,12,0,6,2,0,0,48,0,16,3,0,6,0,54,0,0,0,7,198,0,1,0,0,7,0,3,10,0,64,11,0,18,3,23
118,09-Jul-20,2020-07-09,Deceased,0,13,0,5,9,1,0,45,1,15,5,0,5,1,17,0,0,0,5,219,0,0,0,0,6,2,5,9,0,65,7,0,17,0,27
119,10-Jul-20,2020-07-10,Deceased,0,15,0,8,2,2,0,42,0,14,3,0,5,0,57,0,0,0,4,226,0,0,0,0,6,1,4,6,0,64,8,0,27,0,26
120,11-Jul-20,2020-07-11,Deceased,0,17,0,2,7,0,0,34,3,10,7,0,10,1,70,2,0,0,6,223,0,0,0,0,6,1,8,6,0,69,9,1,24,0,26
121,12-Jul-20,2020-07-12,Deceased,0,19,0,4,7,2,0,37,2,13,4,0,10,7,71,2,0,0,9,173,0,0,0,0,5,0,4,7,0,68,8,0,21,1,26
122,13-Jul-20,2020-07-13,Deceased,0,37,1,4,9,0,0,40,3,10,7,0,8,2,73,2,0,0,10,193,0,0,0,0,7,0,5,8,0,66,9,0,21,2,24
123,14-Jul-20,2020-07-14,Deceased,0,43,0,6,9,1,0,35,1,14,4,0,8,3,87,1,0,0,10,213,0,0,0,0,5,0,9,6,0,67,10,0,28,1,24
124,15-Jul-20,2020-07-15,Deceased,0,44,0,2,14,0,1,41,0,10,7,0,11,2,87,1,0,0,9,233,0,0,0,0,5,3,8,6,0,68,11,1,29,0,20
125,16-Jul-20,2020-07-16,Deceased,0,40,0,2,10,1,0,58,1,10,3,0,16,4,104,2,0,0,7,266,0,0,0,0,2,1,9,8,0,69,10,0,34,0,23
126,17-Jul-20,2020-07-17,Deceased,0,42,0,1,6,3,0,26,2,17,5,0,9,4,115,1,1,0,9,258,0,0,0,0,6,3,9,8,0,79,7,0,38,1,26
127,18-Jul-20,2020-07-18,Deceased,0,52,0,2,4,0,0,26,0,19,17,0,5,2,93,2,0,0,8,144,0,0,0,0,3,3,7,7,0,88,6,2,24,1,27
128,19-Jul-20,2020-07-19,Deceased,0,56,0,4,2,0,0,31,1,20,5,0,8,1,91,2,0,0,15,258,0,2,0,0,7,0,8,6,0,78,6,0,38,0,36
129,20-Jul-20,2020-07-20,Deceased,0,54,0,1,8,4,0,35,1,20,6,0,10,4,72,1,0,0,17,176,0,0,0,0,6,1,8,9,0,70,7,2,46,3,35
130,21-Jul-20,2020-07-21,Deceased,0,62,0,6,11,1,0,27,3,34,9,1,9,8,61,1,0,0,18,246,0,0,0,0,8,1,1,9,0,75,7,1,37,0,35
131,22-Jul-20,2020-07-22,Deceased,0,65,0,2,10,0,0,29,2,28,8,0,10,3,55,1,0,0,14,280,0,0,0,0,6,1,6,6,0,518,9,1,34,2,39
132,23-Jul-20,2020-07-23,Deceased,0,61,0,4,4,5,0,26,1,28,6,0,9,3,97,5,0,0,10,298,0,0,0,0,6,3,8,11,0,88,9,1,35,3,34
133,24-Jul-20,2020-07-24,Deceased,0,49,0,6,9,2,0,32,0,26,4,1,14,9,110,4,0,0,11,278,0,1,0,1,8,1,5,8,0,88,8,1,50,2,35
134,25-Jul-20,2020-07-25,Deceased,0,52,0,1,11,3,0,29,4,22,7,0,9,7,72,5,1,0,8,257,0,0,0,3,10,3,9,11,0,89,8,0,39,1,42
135,26-Jul-20,2020-07-26,Deceased,0,56,0,2,17,4,0,21,2,21,3,1,7,0,82,2,1,0,12,267,0,0,0,0,11,2,15,11,1,85,0,2,39,0,40
136,27-Jul-20,2020-07-27,Deceased,1,49,0,7,6,2,0,26,1,22,5,0,9,7,75,2,0,0,9,227,0,0,0,1,7,3,12,9,0,77,8,4,30,3,39
137,28-Jul-20,2020-07-28,Deceased,0,58,0,2,14,1,0,28,0,24,9,0,12,4,102,4,0,0,10,282,0,0,0,-1,8,4,18,11,0,88,9,4,41,4,38
138,29-Jul-20,2020-07-29,Deceased,1,65,0,4,4,4,0,26,3,24,7,0,15,5,90,1,2,0,14,298,1,0,0,0,6,0,25,10,0,82,12,0,33,2,41
139,30-Jul-20,2020-07-30,Deceased,1,68,0,2,12,1,0,29,3,22,4,0,17,4,83,2,1,0,13,266,3,0,0,0,10,1,9,13,0,100,13,0,57,4,46
140,31-Jul-20,2020-07-31,Deceased,2,68,0,4,13,3,0,27,3,22,4,0,12,3,84,3,0,0,10,265,1,0,0,0,9,1,16,13,0,94,14,0,43,4,45
141,01-Aug-20,2020-08-01,Deceased,2,58,0,3,14,1,0,26,3,24,7,0,11,8,98,8,0,0,9,322,1,0,0,0,11,2,19,14,0,99,11,2,47,3,48
142,02-Aug-20,2020-08-02,Deceased,1,67,0,4,10,3,0,15,5,22,5,0,8,4,84,1,0,0,10,260,1,0,0,0,11,1,18,12,0,98,10,4,53,3,49
143,03-Aug-20,2020-08-03,Deceased,2,63,0,4,14,3,0,17,3,22,7,0,11,7,98,2,0,0,14,266,0,0,0,0,12,4,19,13,0,109,11,0,48,4,53
144,04-Aug-20,2020-08-04,Deceased,2,67,0,6,13,8,0,12,4,25,8,0,10,4,110,3,0,0,12,300,0,0,0,0,10,2,20,13,0,108,12,1,39,5,54
145,05-Aug-20,2020-08-05,Deceased,2,77,0,6,20,2,0,11,4,23,7,0,9,7,100,7,0,0,17,334,0,0,0,2,11,7,29,13,0,112,13,2,40,3,61
146,06-Aug-20,2020-08-06,Deceased,2,72,0,5,19,6,0,15,2,27,3,0,10,9,93,3,0,0,17,316,1,0,0,0,11,5,26,12,0,110,13,1,61,4,56
147,07-Aug-20,2020-08-07,Deceased,3,89,0,6,12,10,0,23,4,22,9,0,13,6,100,5,2,0,16,300,2,0,0,1,12,5,22,10,0,119,12,5,63,10,52
148,08-Aug-20,2020-08-08,Deceased,1,97,0,8,19,3,0,16,2,23,7,0,10,9,93,4,0,0,15,275,1,1,0,0,15,5,23,11,0,118,14,1,47,5,51
149,09-Aug-20,2020-08-09,Deceased,0,97,0,5,10,6,0,13,3,25,9,1,13,17,107,2,0,0,19,390,0,0,0,1,14,7,24,11,0,119,12,4,41,8,54
150,10-Aug-20,2020-08-10,Deceased,0,80,0,6,21,3,0,20,5,20,6,2,6,12,114,7,0,0,19,293,0,0,0,0,16,2,18,11,0,114,10,1,51,9,41
151,11-Aug-20,2020-08-11,Deceased,1,87,0,4,15,5,0,8,6,23,11,1,12,5,86,5,0,0,18,256,1,0,0,-1,12,2,32,11,0,118,8,1,56,2,49
152,12-Aug-20,2020-08-12,Deceased,0,93,0,6,9,5,0,14,3,18,3,0,8,8,113,6,0,0,15,344,0,0,0,0,9,5,39,11,0,119,9,0,54,4,54
153,13-Aug-20,2020-08-13,Deceased,1,82,1,8,10,8,0,14,2,18,8,1,11,7,103,3,0,0,17,413,1,0,0,0,9,6,31,11,0,119,11,1,50,3,56
154,14-Aug-20,2020-08-14,Deceased,2,97,1,6,16,13,0,11,2,15,7,0,11,15,104,10,0,0,16,364,0,0,0,0,10,4,25,13,0,117,9,2,55,4,60
155,15-Aug-20,2020-08-15,Deceased,0,87,0,7,15,4,0,10,5,19,10,0,7,5,114,7,1,0,13,322,0,0,0,0,9,0,40,16,0,127,10,4,58,4,58
156,16-Aug-20,2020-08-16,Deceased,4,88,0,7,22,8,0,8,6,20,10,0,15,15,116,10,4,0,11,288,3,0,0,0,10,4,41,14,0,125,9,5,56,1,51
157,17-Aug-20,2020-08-17,Deceased,1,82,0,8,5,8,0,18,7,15,12,0,6,11,115,13,0,0,23,228,1,0,0,0,10,4,50,11,0,120,10,4,66,6,45
158,18-Aug-20,2020-08-18,Deceased,1,88,0,6,16,8,0,12,5,20,7,0,13,10,139,6,3,0,13,422,1,0,0,0,9,9,36,11,1,121,8,3,70,6,55
159,19-Aug-20,2020-08-19,Deceased,0,86,0,10,10,6,0,9,8,17,10,2,11,13,126,7,1,0,18,346,0,0,0,0,10,6,22,12,1,116,8,3,53,14,53
160,20-Aug-20,2020-08-20,Deceased,1,95,0,8,6,8,0,22,2,16,11,2,6,8,102,9,0,0,12,326,0,0,0,0,8,8,37,11,0,116,10,0,95,9,53
161,21-Aug-20,2020-08-21,Deceased,1,91,0,6,14,8,0,13,9,14,7,2,15,11,93,12,1,0,14,339,2,0,0,0,10,6,34,12,0,101,8,4,64,5,55
162,22-Aug-20,2020-08-22,Deceased,0,97,0,7,13,10,0,14,5,14,12,4,15,13,93,15,2,0,21,297,2,1,0,1,9,8,45,11,0,80,7,1,70,3,48
163,23-Aug-20,2020-08-23,Deceased,1,93,0,8,9,7,0,16,4,14,6,0,9,8,68,5,2,0,23,258,0,1,0,0,10,8,50,11,0,97,11,2,59,5,57
164,24-Aug-20,2020-08-24,Deceased,2,86,0,10,17,9,0,13,4,13,10,0,7,17,127,11,0,0,17,212,0,0,0,0,10,5,43,12,0,97,6,1,61,7,57
165,25-Aug-20,2020-08-25,Deceased,2,92,0,8,17,15,0,17,9,20,10,1,14,12,148,10,1,0,19,329,2,0,0,0,9,8,49,13,0,107,9,6,72,6,58
166,26-Aug-20,2020-08-26,Deceased,4,81,0,14,9,10,0,17,8,17,11,2,19,15,133,13,1,0,17,295,1,0,0,0,13,8,41,12,0,118,10,4,82,6,55
167,27-Aug-20,2020-08-27,Deceased,1,92,0,4,9,14,0,22,6,17,12,1,14,15,141,10,2,0,24,355,0,1,0,0,7,10,37,13,0,109,8,2,76,9,53
168,28-Aug-20,2020-08-28,Deceased,0,81,2,8,12,6,0,20,4,14,15,0,7,12,136,7,1,0,17,331,2,1,0,0,8,9,51,12,0,102,11,4,77,11,56
169,29-Aug-20,2020-08-29,Deceased,2,82,0,3,5,11,0,15,3,13,9,1,7,9,115,6,4,0,22,328,1,0,0,0,14,12,41,13,0,87,9,5,62,11,53
170,30-Aug-20,2020-08-30,Deceased,1,88,0,7,9,7,0,22,5,17,12,1,9,12,106,7,2,0,29,296,0,0,0,0,12,10,56,13,0,94,10,4,67,7,50
171,31-Aug-20,2020-08-31,Deceased,1,85,0,10,6,8,0,18,9,14,7,3,9,7,113,7,0,0,20,184,0,0,0,0,10,7,49,13,0,91,9,5,63,12,52
172,01-Sep-20,2020-09-01,Deceased,0,84,0,9,15,10,0,18,2,14,17,4,14,11,135,4,1,0,32,320,1,2,0,0,11,12,59,13,1,96,9,10,56,11,55
173,02-Sep-20,2020-09-02,Deceased,1,72,0,8,13,12,0,19,10,12,15,1,15,10,113,7,0,0,27,292,0,1,0,0,11,13,106,12,0,98,10,5,74,11,56
174,03-Sep-20,2020-09-03,Deceased,1,75,1,7,6,16,0,19,8,16,19,5,11,6,104,10,0,0,30,391,3,0,0,0,8,7,72,14,1,92,10,8,75,9,55
175,04-Sep-20,2020-09-04,Deceased,1,76,0,15,13,22,0,13,8,14,19,2,12,3,116,11,0,0,30,378,3,1,0,0,9,20,49,13,0,79,10,3,71,12,58
176,05-Sep-20,2020-09-05,Deceased,1,71,0,7,9,19,0,25,9,16,22,4,15,15,128,11,0,0,30,312,1,1,0,0,7,18,69,14,0,64,11,7,81,18,58
177,06-Sep-20,2020-09-06,Deceased,0,70,0,8,4,24,0,29,7,14,25,1,14,7,95,10,0,0,29,328,2,1,0,0,8,16,54,15,0,85,9,8,77,11,52
178,07-Sep-20,2020-09-07,Deceased,0,70,0,10,7,15,0,32,9,15,23,1,17,13,141,12,0,0,17,423,0,1,0,0,10,11,61,14,0,89,9,5,56,7,58
179,08-Sep-20,2020-09-08,Deceased,0,73,1,8,4,12,0,19,11,13,25,4,14,14,146,13,0,0,20,380,1,0,0,0,13,12,67,13,2,87,11,3,71,12,57
180,09-Sep-20,2020-09-09,Deceased,1,74,0,18,10,70,0,20,6,16,28,3,17,16,128,12,0,0,31,380,1,2,0,0,11,10,71,14,0,78,10,9,65,12,53
181,10-Sep-20,2020-09-10,Deceased,0,68,0,18,10,16,0,28,6,15,25,3,13,5,129,12,1,0,21,495,4,1,0,0,11,6,88,14,0,64,11,6,94,5,41
182,11-Sep-20,2020-09-11,Deceased,0,77,1,16,12,25,0,21,8,16,25,5,9,15,130,14,2,0,30,442,0,4,0,0,14,12,63,15,4,77,13,5,76,11,57
183,12-Sep-20,2020-09-12,Deceased,0,67,0,23,11,21,0,28,10,15,24,2,10,10,94,15,1,0,37,391,1,1,0,0,11,5,76,14,2,76,10,10,67,14,59
184,13-Sep-20,2020-09-13,Deceased,0,66,0,16,14,16,0,29,4,15,19,4,14,13,104,14,1,0,34,416,1,1,0,0,10,15,68,15,3,74,11,12,80,12,58
185,14-Sep-20,2020-09-14,Deceased,1,60,1,13,9,18,0,26,14,17,25,5,17,6,119,15,1,0,29,363,0,2,0,0,11,9,67,14,0,53,13,6,62,15,58
186,15-Sep-20,2020-09-15,Deceased,0,69,2,10,5,15,0,36,11,17,26,8,19,10,97,11,3,0,29,515,1,1,0,2,8,11,91,14,3,68,10,7,113,9,59
187,16-Sep-20,2020-09-16,Deceased,0,64,0,19,12,23,0,33,4,12,19,1,18,8,55,14,2,0,24,474,1,0,0,0,11,13,78,15,0,57,12,10,86,9,61
188,17-Sep-20,2020-09-17,Deceased,0,72,0,17,7,17,0,38,8,14,24,7,19,11,93,10,1,0,33,468,3,3,0,0,13,13,54,14,4,59,9,5,81,13,60
189,18-Sep-20,2020-09-18,Deceased,0,67,0,12,4,17,0,30,8,16,23,12,15,12,179,12,1,0,24,440,1,2,0,0,13,6,60,15,3,67,11,6,98,4,59
190,19-Sep-20,2020-09-19,Deceased,0,58,0,8,2,19,0,38,7,16,28,5,21,13,114,18,1,0,42,425,3,2,0,0,9,11,51,14,2,66,9,7,84,14,56
191,20-Sep-20,2020-09-20,Deceased,0,57,0,14,3,13,0,37,9,17,29,4,14,2,101,16,0,0,27,455,2,0,0,0,10,10,56,14,1,60,8,4,94,13,61
192,21-Sep-20,2020-09-21,Deceased,0,51,0,16,6,13,0,32,9,17,28,7,23,9,122,18,1,0,37,344,2,2,0,0,9,9,47,16,0,60,9,6,88,10,62
193,22-Sep-20,2020-09-22,Deceased,0,51,1,8,3,28,0,37,8,16,29,5,18,15,83,19,0,0,28,392,1,2,0,0,11,6,66,15,0,76,10,3,77,11,62
194,23-Sep-20,2020-09-23,Deceased,0,45,0,11,1,10,0,36,8,15,27,5,20,7,38,20,1,0,42,479,2,2,0,1,15,8,64,15,1,63,10,2,87,17,61
195,24-Sep-20,2020-09-24,Deceased,0,52,0,11,4,24,0,36,7,14,22,10,22,4,65,21,3,0,45,459,0,1,0,0,16,6,76,15,1,66,8,7,67,13,62
196,25-Sep-20,2020-09-25,Deceased,0,48,0,17,3,25,0,24,3,12,18,7,21,9,86,22,2,0,30,416,1,0,0,0,15,7,68,15,0,72,10,5,84,13,59
197,26-Sep-20,2020-09-26,Deceased,0,57,0,13,5,40,0,46,5,13,18,7,20,9,86,21,1,0,29,430,1,0,0,0,16,6,54,14,0,85,11,3,67,11,56
198,27-Sep-20,2020-09-27,Deceased,1,45,0,17,2,31,0,42,10,10,16,11,7,9,79,21,1,0,26,380,0,0,0,0,14,13,50,15,2,80,9,2,77,8,60
199,28-Sep-20,2020-09-28,Deceased,0,37,1,12,4,29,0,37,6,12,24,5,14,9,59,20,0,0,35,180,0,3,0,1,16,2,46,15,2,70,7,3,58,6,56
200,29-Sep-20,2020-09-29,Deceased,0,35,1,13,2,39,0,48,12,11,25,3,18,12,136,22,0,0,39,430,1,1,0,0,15,2,75,15,0,70,9,3,63,11,62
201,30-Sep-20,2020-09-30,Deceased,0,48,0,17,10,41,0,41,9,11,26,3,17,13,87,23,0,0,35,481,2,2,0,0,14,4,47,15,2,67,11,1,69,20,59
202,01-Oct-20,2020-10-01,Deceased,0,41,0,14,2,29,0,40,12,10,20,9,17,8,130,29,3,0,20,394,1,2,0,0,17,4,45,14,3,66,8,6,80,14,59
203,02-Oct-20,2020-10-02,Deceased,0,31,2,10,4,16,0,37,2,15,23,7,14,8,125,20,0,0,36,424,1,1,0,0,16,7,50,16,1,67,10,3,53,11,53
204,03-Oct-20,2020-10-03,Deceased,0,41,0,14,2,29,0,34,8,12,25,8,19,5,100,22,0,0,27,278,2,2,0,0,17,2,61,14,2,65,8,3,60,12,62
205,04-Oct-20,2020-10-04,Deceased,0,40,0,14,3,14,0,38,6,9,20,7,11,9,67,23,0,0,35,326,3,0,0,0,15,5,41,15,2,66,10,4,52,4,62
206,05-Oct-20,2020-10-05,Deceased,1,38,1,11,9,36,0,32,4,13,21,7,10,4,84,23,0,0,29,263,1,5,0,0,17,4,38,14,1,62,8,6,63,17,61
207,06-Oct-20,2020-10-06,Deceased,0,33,1,18,1,23,0,39,8,10,18,5,16,10,91,25,0,0,25,370,3,1,0,0,16,3,38,15,3,71,10,2,61,8,63
208,07-Oct-20,2020-10-07,Deceased,0,34,1,7,2,30,0,35,9,9,19,2,14,10,113,22,2,0,30,355,2,0,0,0,18,5,33,16,2,67,8,0,47,11,58
209,08-Oct-20,2020-10-08,Deceased,1,42,1,9,2,24,0,37,7,10,20,7,9,8,101,24,0,0,29,358,3,0,0,0,16,5,29,15,1,68,12,3,45,14,63
210,09-Oct-20,2020-10-09,Deceased,0,31,1,8,5,38,0,39,7,9,14,7,15,6,114,25,0,0,27,302,3,1,0,0,17,2,32,16,2,68,7,7,48,14,62
211,10-Oct-20,2020-10-10,Deceased,0,35,0,9,10,39,0,48,8,10,10,3,7,3,102,23,1,0,25,308,2,1,0,0,15,1,25,15,1,67,9,2,60,18,62
212,11-Oct-20,2020-10-11,Deceased,0,30,1,5,2,18,0,29,8,9,7,2,9,3,75,25,0,0,25,305,3,1,0,0,16,4,35,14,1,65,5,2,41,13,59
213,12-Oct-20,2020-10-12,Deceased,0,32,0,10,9,33,0,40,4,8,13,1,11,11,70,22,0,0,21,169,2,1,0,1,18,2,27,15,1,62,6,1,44,15,60
214,13-Oct-20,2020-10-13,Deceased,0,35,4,4,6,20,0,45,3,10,9,3,7,7,87,21,0,0,26,187,4,1,0,1,17,2,34,14,2,57,5,1,28,20,62
215,14-Oct-20,2020-10-14,Deceased,0,28,1,4,6,33,0,44,5,11,13,1,12,6,75,20,0,0,15,158,6,5,0,3,15,1,31,15,0,52,8,1,41,14,64
216,15-Oct-20,2020-10-15,Deceased,0,38,1,9,5,46,0,26,6,11,9,5,6,8,85,23,1,0,24,337,1,3,0,0,17,2,29,14,0,49,8,1,36,18,62
217,16-Oct-20,2020-10-16,Deceased,1,25,0,10,9,40,0,22,6,11,11,2,8,5,73,24,0,0,25,306,5,2,0,0,15,1,26,15,0,60,7,4,46,15,61
218,17-Oct-20,2020-10-17,Deceased,0,24,0,12,9,14,0,35,7,9,6,3,6,8,71,26,1,0,18,463,2,0,0,4,17,3,19,12,0,54,9,3,40,95,61
219,18-Oct-20,2020-10-18,Deceased,0,23,0,3,6,39,0,28,6,9,0,3,7,7,51,22,0,0,20,150,5,0,0,0,14,0,13,13,1,56,6,3,29,3,64
220,19-Oct-20,2020-10-19,Deceased,0,24,0,7,7,56,0,31,5,8,8,4,9,3,64,21,0,0,13,125,1,0,0,0,17,1,17,12,2,52,4,2,27,6,63
221,20-Oct-20,2020-10-20,Deceased,0,28,1,9,8,50,0,41,6,8,12,2,9,7,66,24,1,0,25,213,4,1,0,0,16,2,8,14,1,47,7,0,29,13,61
222,21-Oct-20,2020-10-21,Deceased,0,27,0,5,8,44,0,47,2,9,14,5,5,2,88,26,1,0,17,180,3,1,0,0,13,3,23,14,0,39,5,1,41,14,64
223,22-Oct-20,2020-10-22,Deceased,1,16,1,7,7,52,0,35,7,7,14,5,10,8,74,23,0,0,14,198,3,1,0,0,15,2,12,12,0,45,5,2,35,8,64
224,23-Oct-20,2020-10-23,Deceased,1,20,1,4,8,58,0,26,4,6,17,1,12,3,51,26,0,0,13,184,5,1,0,0,18,2,23,14,0,33,6,5,40,11,60
225,24-Oct-20,2020-10-24,Deceased,0,22,0,2,8,55,0,36,2,6,15,5,6,2,52,25,3,0,20,137,6,1,0,3,15,2,12,12,0,35,5,1,24,5,59
226,25-Oct-20,2020-10-25,Deceased,0,21,0,4,7,25,0,33,6,7,7,1,8,2,32,26,0,0,10,112,1,1,0,1,16,2,10,13,1,31,4,3,28,9,60
227,26-Oct-20,2020-10-26,Deceased,0,19,2,2,9,43,0,54,6,4,10,2,6,6,42,20,0,0,5,84,5,0,0,2,14,0,8,14,1,32,4,0,20,8,59
228,27-Oct-20,2020-10-27,Deceased,0,19,1,6,7,20,0,44,3,5,13,5,7,4,44,24,2,0,8,115,6,1,0,0,13,0,13,14,2,27,4,1,38,6,58
229,28-Oct-20,2020-10-28,Deceased,0,18,0,3,4,55,0,40,7,6,8,2,4,4,55,27,1,0,15,91,6,3,1,1,12,2,20,10,0,35,4,0,18,2,60
230,29-Oct-20,2020-10-29,Deceased,1,16,1,6,7,53,0,27,5,4,8,6,11,3,45,26,0,0,16,156,4,2,0,1,13,2,10,11,0,35,5,1,25,0,61
231,30-Oct-20,2020-10-30,Deceased,0,17,0,3,8,49,0,47,5,6,11,5,5,0,49,28,0,0,12,127,4,0,0,4,11,0,19,10,0,38,6,1,24,2,59
232,31-Oct-20,2020-10-31,Deceased,0,14,0,4,6,63,0,41,2,5,12,6,7,1,28,27,1,0,10,74,4,1,0,0,12,0,16,9,1,31,6,0,18,12,57
233,01-Nov-20,2020-11-01,Deceased,1,16,0,1,7,49,0,51,5,5,6,8,4,1,24,28,0,0,7,113,3,2,0,0,11,3,11,10,1,30,5,0,26,4,59
234,02-Nov-20,2020-11-02,Deceased,0,13,1,1,4,58,0,42,7,4,15,10,8,1,29,21,1,0,7,104,9,0,0,3,9,0,13,9,4,31,7,2,25,2,57
235,03-Nov-20,2020-11-03,Deceased,0,15,4,2,7,58,0,48,2,6,7,8,12,5,26,26,0,0,9,120,4,0,0,0,12,1,18,10,0,31,3,2,13,4,56
236,04-Nov-20,2020-11-04,Deceased,0,10,1,0,5,50,0,51,8,6,19,11,9,3,34,28,3,0,13,300,3,0,0,2,12,1,14,9,0,30,6,3,15,5,55
237,05-Nov-20,2020-11-05,Deceased,0,13,0,0,8,44,0,66,4,7,23,6,6,0,31,26,0,0,5,256,2,1,1,1,14,1,22,10,2,28,5,0,27,9,54
238,06-Nov-20,2020-11-06,Deceased,0,11,0,4,8,52,0,64,3,4,21,4,6,1,35,27,1,0,12,161,2,0,0,0,15,0,14,11,0,27,4,1,24,9,55
239,07-Nov-20,2020-11-07,Deceased,0,11,2,2,7,22,0,79,8,5,17,6,5,2,22,28,0,0,13,150,3,2,0,0,17,2,15,13,1,25,6,2,25,7,58
240,08-Nov-20,2020-11-08,Deceased,0,12,1,4,8,13,0,77,2,7,15,6,5,0,22,24,4,0,11,125,3,0,0,1,15,1,8,10,2,20,5,1,26,2,59
241,09-Nov-20,2020-11-09,Deceased,0,11,0,4,7,17,0,71,4,5,7,7,9,8,19,22,1,0,6,85,1,1,0,0,16,1,20,9,1,18,4,2,25,10,56
242,10-Nov-20,2020-11-10,Deceased,0,12,0,5,5,18,0,83,4,5,16,12,7,5,20,28,0,0,8,110,2,0,0,4,13,2,20,10,1,25,4,0,30,5,53
243,11-Nov-20,2020-11-11,Deceased,0,14,0,2,6,25,0,85,5,6,23,9,9,3,23,29,1,0,13,125,2,0,0,0,15,1,31,11,2,28,5,0,20,6,49
244,12-Nov-20,2020-11-12,Deceased,1,9,1,3,5,20,0,104,0,6,21,6,8,4,21,25,3,0,10,122,5,4,0,0,14,2,23,13,3,25,3,0,21,7,54
245,13-Nov-20,2020-11-13,Deceased,0,10,0,1,7,18,0,91,2,6,27,11,8,4,17,26,0,0,11,127,6,0,0,2,12,1,16,12,1,14,4,1,25,4,51
246,14-Nov-20,2020-11-14,Deceased,0,7,1,3,5,17,0,96,1,6,5,8,6,1,17,26,0,0,7,105,5,2,1,0,15,0,0,12,1,12,4,2,27,5,53
247,15-Nov-20,2020-11-15,Deceased,0,14,0,2,5,16,0,95,3,6,8,11,9,2,21,21,0,0,7,60,3,0,1,0,17,0,30,10,2,12,3,0,18,5,51
248,16-Nov-20,2020-11-16,Deceased,0,13,0,1,5,26,0,99,1,5,19,8,8,4,12,19,4,0,2,60,3,1,1,1,16,0,22,12,2,17,3,2,21,9,53
249,17-Nov-20,2020-11-17,Deceased,0,9,0,2,5,19,0,99,4,7,25,12,7,3,16,27,1,0,10,68,1,1,0,0,17,0,30,11,1,18,3,0,19,3,52
250,18-Nov-20,2020-11-18,Deceased,0,9,0,3,7,23,0,131,3,8,30,13,9,3,21,28,0,0,13,100,6,1,0,1,15,0,31,12,3,18,5,0,29,9,54
251,19-Nov-20,2020-11-19,Deceased,0,11,1,0,8,26,0,98,0,7,20,12,5,3,26,26,1,0,14,154,0,1,0,0,17,1,15,15,0,19,4,0,39,5,53
252,20-Nov-20,2020-11-20,Deceased,0,10,0,2,3,19,0,118,2,7,25,11,4,2,17,28,1,0,9,155,1,2,0,2,16,0,16,14,1,18,4,1,20,5,50
253,21-Nov-20,2020-11-21,Deceased,0,7,0,2,4,22,0,111,3,9,25,18,2,6,20,25,2,0,11,62,1,2,0,1,17,0,23,16,0,18,3,1,24,8,53
254,22-Nov-20,2020-11-22,Deceased,0,11,0,1,5,19,0,121,2,13,25,19,5,5,13,27,2,0,13,50,3,2,0,2,15,0,19,17,3,19,4,0,35,9,49
255,23-Nov-20,2020-11-23,Deceased,0,10,0,1,6,14,0,121,0,17,28,22,12,3,24,22,1,0,10,30,2,0,0,2,17,0,17,18,1,17,3,3,23,7,47
256,24-Nov-20,2020-11-24,Deceased,0,8,0,1,6,21,0,109,2,16,33,12,10,2,17,24,4,0,11,30,2,0,0,0,14,0,22,19,2,17,4,1,33,18,49
257,25-Nov-20,2020-11-25,Deceased,0,6,0,2,4,16,0,99,4,14,42,13,12,3,19,26,3,0,14,65,5,0,0,0,16,0,31,18,0,16,4,0,29,5,51
258,26-Nov-20,2020-11-26,Deceased,0,8,0,0,6,18,0,91,2,16,25,14,5,3,12,27,5,0,12,65,4,0,0,2,17,0,26,19,0,14,3,0,30,11,52
259,27-Nov-20,2020-11-27,Deceased,0,6,1,2,5,12,0,98,1,16,29,13,8,1,12,23,1,0,15,85,7,0,0,1,14,0,27,18,1,12,4,0,23,5,46
260,28-Nov-20,2020-11-28,Deceased,0,5,1,0,5,17,0,89,0,15,30,11,4,1,12,25,2,0,13,88,7,1,0,0,12,0,28,19,4,13,3,0,21,13,52
261,29-Nov-20,2020-11-29,Deceased,0,7,3,1,6,10,0,68,1,16,26,12,5,0,15,27,0,0,13,85,10,0,0,0,4,0,15,18,1,9,4,0,24,8,54
262,30-Nov-20,2020-11-30,Deceased,0,4,0,0,5,21,0,108,1,20,27,10,9,1,13,21,1,0,10,80,8,0,0,0,5,1,27,20,1,9,3,0,19,9,48
263,01-Dec-20,2020-12-01,Deceased,0,4,0,0,4,31,0,86,2,15,28,21,8,5,14,26,2,0,10,95,8,1,1,0,5,1,14,19,1,10,3,0,27,7,52
264,02-Dec-20,2020-12-02,Deceased,0,7,0,2,6,27,0,82,3,14,32,11,6,2,16,28,0,0,17,111,2,2,0,0,6,1,21,19,1,11,1,2,29,13,51
265,03-Dec-20,2020-12-03,Deceased,0,11,0,2,7,22,0,82,3,13,32,18,10,6,13,31,0,0,13,115,3,2,0,0,5,1,20,20,0,14,3,0,31,12,49
266,04-Dec-20,2020-12-04,Deceased,0,6,1,2,6,15,0,73,0,18,19,13,12,1,13,29,1,0,14,127,1,2,0,1,5,1,20,19,1,15,2,0,29,10,52
267,05-Dec-20,2020-12-05,Deceased,0,4,0,2,5,21,0,77,1,15,25,13,12,1,12,32,0,0,12,95,4,0,0,0,5,0,23,20,3,15,3,0,23,8,49
268,06-Dec-20,2020-12-06,Deceased,0,9,0,4,3,12,0,69,1,17,24,11,4,7,10,28,0,0,11,40,7,2,0,1,6,0,10,20,0,16,2,0,24,4,46
269,07-Dec-20,2020-12-07,Deceased,0,5,0,2,2,21,0,63,3,14,23,7,9,2,11,23,1,0,10,40,3,0,0,0,7,1,19,19,2,16,2,1,20,10,48
270,08-Dec-20,2020-12-08,Deceased,0,4,0,2,3,15,0,57,0,15,13,14,6,0,13,31,1,0,11,53,2,2,0,1,6,0,30,20,0,13,3,0,23,12,49
271,09-Dec-20,2020-12-09,Deceased,0,3,0,1,3,13,0,50,2,13,26,12,6,3,20,35,0,0,8,75,7,0,0,0,5,0,16,17,0,14,3,0,20,13,47
272,10-Dec-20,2020-12-10,Deceased,0,2,0,1,4,16,0,61,0,12,26,8,8,2,12,26,0,0,7,70,0,1,0,1,5,2,27,15,0,17,2,0,24,12,49
273,11-Dec-20,2020-12-11,Deceased,0,2,0,1,5,14,0,60,0,13,23,20,11,2,16,29,1,0,9,87,2,1,1,0,4,2,29,14,1,17,3,1,14,9,50
274,12-Dec-20,2020-12-12,Deceased,0,3,0,0,5,16,0,47,2,12,11,10,7,0,11,32,0,0,9,80,2,1,0,0,4,0,21,14,0,13,4,1,31,10,44
275,13-Dec-20,2020-12-13,Deceased,0,5,0,2,4,13,0,33,1,11,7,8,6,4,5,29,0,0,13,70,0,3,0,0,5,0,20,14,0,12,4,1,16,4,47
276,14-Dec-20,2020-12-14,Deceased,0,2,0,1,4,19,0,60,1,11,16,12,3,1,10,24,0,0,8,60,2,2,0,1,4,1,21,13,0,14,3,0,11,6,43
277,15-Dec-20,2020-12-15,Deceased,0,5,0,1,4,19,0,41,3,11,18,11,10,1,11,33,0,0,13,70,3,1,0,0,4,1,19,13,1,10,3,0,20,11,45
278,16-Dec-20,2020-12-16,Deceased,0,3,0,3,3,10,0,32,3,10,14,12,5,3,6,27,0,0,8,95,2,2,0,1,5,1,18,10,2,12,3,2,15,3,46
279,17-Dec-20,2020-12-17,Deceased,0,2,0,3,5,11,0,35,3,8,17,10,9,3,10,27,0,0,9,65,3,0,0,3,5,0,15,11,1,11,3,0,20,9,44
280,18-Dec-20,2020-12-18,Deceased,0,1,0,1,4,7,0,37,2,9,21,9,7,1,8,23,1,0,11,75,2,0,0,0,4,1,20,10,1,12,1,0,16,15,42
281,19-Dec-20,2020-12-19,Deceased,0,4,0,1,6,9,0,32,0,7,13,3,4,2,15,29,0,0,15,74,2,0,0,0,3,1,19,9,0,14,4,0,23,9,43
282,20-Dec-20,2020-12-20,Deceased,0,2,0,5,5,9,0,26,3,7,5,6,4,0,5,30,0,0,13,98,1,1,0,0,4,2,12,9,1,15,3,0,19,5,40
283,21-Dec-20,2020-12-21,Deceased,1,2,1,3,6,18,0,27,2,7,11,9,3,1,7,27,1,0,9,55,0,0,0,0,3,1,11,9,0,12,2,2,16,13,41
284,22-Dec-20,2020-12-22,Deceased,0,4,0,4,4,13,0,25,2,7,10,4,6,3,13,27,0,0,12,75,0,0,0,3,4,2,18,8,0,17,3,0,12,13,38
285,23-Dec-20,2020-12-23,Deceased,0,3,0,5,5,15,0,18,2,6,5,5,3,0,9,22,0,0,12,93,1,1,1,1,3,0,13,8,1,12,4,3,21,8,34
286,24-Dec-20,2020-12-24,Deceased,0,4,0,4,4,22,0,37,1,8,7,5,7,2,1,22,1,0,10,89,3,0,0,0,4,0,17,8,0,12,2,1,22,11,32
287,25-Dec-20,2020-12-25,Deceased,0,2,0,0,2,14,0,30,0,6,4,3,1,0,5,16,0,0,12,71,3,0,0,0,3,0,9,7,0,12,3,0,12,5,31
288,26-Dec-20,2020-12-26,Deceased,0,1,0,2,6,12,0,23,3,7,7,11,6,2,7,21,0,0,9,60,0,3,0,1,4,1,12,7,0,11,2,1,14,13,33
289,27-Dec-20,2020-12-27,Deceased,0,2,0,2,4,18,0,16,0,7,9,6,2,1,11,25,0,0,18,66,4,0,0,0,4,1,18,6,0,10,2,0,13,7,29
290,28-Dec-20,2020-12-28,Deceased,0,4,0,1,3,26,0,21,3,6,8,2,6,1,8,14,0,0,9,50,0,0,0,1,3,0,13,7,1,11,2,0,16,6,27
291,29-Dec-20,2020-12-29,Deceased,0,2,0,2,3,17,0,28,1,7,10,4,4,5,4,24,1,0,10,68,5,0,0,0,4,2,10,6,0,12,2,0,18,6,30
292,30-Dec-20,2020-12-30,Deceased,0,4,0,3,4,14,0,21,2,7,7,6,1,2,7,28,0,0,13,90,1,1,0,0,3,0,9,6,1,17,3,0,12,9,28
293,31-Dec-20,2020-12-31,Deceased,0,4,0,2,4,21,0,13,2,4,6,3,3,3,9,30,0,0,11,58,1,0,0,0,2,0,10,7,0,13,3,0,0,5,29
294,01-Jan-21,2021-01-01,Deceased,0,0,0,4,3,4,0,21,0,3,6,2,1,0,6,23,0,0,12,59,1,0,0,0,3,0,8,4,1,13,3,0,27,6,26
295,02-Jan-21,2021-01-02,Deceased,0,3,0,2,3,11,0,14,0,5,4,2,1,4,3,21,0,0,9,51,1,0,0,0,4,0,15,5,1,11,2,0,8,7,28
296,03-Jan-21,2021-01-03,Deceased,0,4,0,1,2,14,0,14,2,4,2,6,1,1,8,25,0,0,14,35,1,0,0,0,3,0,12,5,0,10,3,0,16,5,26
297,04-Jan-21,2021-01-04,Deceased,0,3,0,2,3,12,0,12,2,3,6,2,5,1,3,19,0,0,7,29,3,0,0,0,2,2,24,4,0,10,2,0,10,8,25
298,05-Jan-21,2021-01-05,Deceased,0,4,0,3,7,25,0,12,1,4,4,4,6,2,8,24,0,0,14,64,2,2,0,0,2,0,4,5,0,11,3,0,20,9,24
299,06-Jan-21,2021-01-06,Deceased,0,3,0,0,5,10,0,16,0,4,7,2,3,2,6,25,0,0,8,66,0,0,0,1,0,0,8,4,0,11,2,2,9,5,22
300,07-Jan-21,2021-01-07,Deceased,0,1,0,2,4,7,0,19,0,3,6,1,3,1,7,25,0,0,12,72,1,0,0,2,1,1,10,4,0,12,3,0,10,6,18
301,08-Jan-21,2021-01-08,Deceased,0,1,0,0,4,15,0,10,0,3,3,2,4,2,3,23,0,0,9,73,0,2,0,1,2,0,15,0,0,8,2,1,17,7,21
302,09-Jan-21,2021-01-09,Deceased,0,1,0,1,2,15,0,12,2,5,6,3,2,2,4,22,0,0,10,57,1,0,0,1,1,0,2,4,0,7,2,0,24,6,20
303,10-Jan-21,2021-01-10,Deceased,0,1,0,1,4,6,0,12,1,4,1,1,1,2,2,23,0,0,10,34,0,0,1,0,0,2,6,3,0,7,2,0,2,5,19
304,11-Jan-21,2021-01-11,Deceased,0,2,0,3,5,15,0,13,2,3,6,2,1,1,4,20,0,0,7,40,0,0,0,0,1,0,2,2,0,6,1,0,9,5,16
305,12-Jan-21,2021-01-12,Deceased,0,2,0,0,4,12,0,16,0,3,8,0,1,0,5,25,1,0,8,50,0,0,0,0,2,1,9,3,0,8,2,0,10,11,18
306,13-Jan-21,2021-01-13,Deceased,0,1,0,1,2,10,0,11,1,4,2,2,0,0,3,26,0,0,6,70,0,1,0,2,1,0,7,3,0,6,3,1,15,4,18
307,14-Jan-21,2021-01-14,Deceased,0,4,0,0,2,10,0,4,2,3,6,0,3,0,3,19,0,0,8,70,0,0,0,0,1,1,10,2,1,4,1,0,14,3,17
308,15-Jan-21,2021-01-15,Deceased,0,1,0,1,2,7,0,10,1,3,7,0,5,1,3,23,0,0,6,45,0,0,0,2,2,0,12,0,0,5,2,1,15,6,16
309,16-Jan-21,2021-01-16,Deceased,0,0,0,4,4,7,0,6,3,3,4,1,1,1,4,27,0,0,5,52,1,0,0,0,1,2,14,2,0,6,1,1,12,4,15
310,17-Jan-21,2021-01-17,Deceased,0,1,0,3,4,7,0,8,0,2,2,2,0,0,4,21,0,0,2,50,0,0,0,0,1,0,5,1,0,7,2,0,6,5,12
311,18-Jan-21,2021-01-18,Deceased,0,1,0,2,3,7,0,8,0,2,4,1,1,4,9,17,0,0,3,35,0,0,0,0,1,1,5,3,0,8,2,0,4,6,10
312,19-Jan-21,2021-01-19,Deceased,0,1,0,0,1,10,0,10,0,2,4,0,1,3,6,26,1,0,7,50,1,0,0,0,1,0,7,2,1,9,2,0,4,2,11
313,20-Jan-21,2021-01-20,Deceased,0,0,0,2,3,10,0,10,0,2,4,0,0,0,4,18,0,0,7,59,0,0,0,0,0,0,4,2,0,9,2,0,7,3,6
314,21-Jan-21,2021-01-21,Deceased,0,0,0,0,4,8,0,8,1,1,3,3,1,1,2,21,0,0,6,52,0,2,0,0,1,0,15,2,0,9,1,0,6,4,9
315,22-Jan-21,2021-01-22,Deceased,0,4,0,0,4,8,0,7,1,2,5,0,4,2,3,19,0,0,4,50,2,0,0,0,0,0,8,0,0,8,2,0,8,3,8
316,23-Jan-21,2021-01-23,Deceased,0,1,0,0,4,8,0,10,3,1,4,1,1,1,3,23,0,0,6,56,0,0,0,0,1,1,10,2,1,2,2,0,4,0,10
317,24-Jan-21,2021-01-24,Deceased,0,0,0,1,3,8,0,9,0,1,1,2,0,2,4,20,0,0,3,45,0,0,0,0,1,1,2,0,1,7,1,0,8,2,8
318,25-Jan-21,2021-01-25,Deceased,0,2,0,0,4,13,0,5,1,3,4,0,0,1,3,17,0,0,2,30,0,0,0,0,1,0,5,2,0,4,1,0,7,4,7
319,26-Jan-21,2021-01-26,Deceased,0,1,0,1,3,14,0,7,1,2,0,0,1,0,4,19,0,0,2,47,0,0,0,0,0,0,11,0,0,5,2,0,8,1,9
320,27-Jan-21,2021-01-27,Deceased,0,2,0,2,4,3,0,9,0,1,0,1,1,2,3,20,0,0,6,32,1,0,0,0,0,1,10,1,0,8,1,0,4,3,8
321,28-Jan-21,2021-01-28,Deceased,0,0,0,0,2,35,0,6,2,2,0,0,1,3,2,19,0,0,3,50,0,0,0,0,0,1,9,2,0,6,1,0,6,3,9
322,29-Jan-21,2021-01-29,Deceased,0,0,0,0,3,7,0,6,1,1,1,0,1,1,2,22,0,0,3,56,1,0,0,0,0,0,11,2,0,6,2,0,4,0,7
323,30-Jan-21,2021-01-30,Deceased,0,1,0,1,4,9,0,8,0,2,2,2,3,1,2,18,1,0,2,42,0,0,0,0,0,0,8,1,0,5,2,0,4,1,9
324,31-Jan-21,2021-01-31,Deceased,0,0,0,0,2,3,0,4,2,0,1,3,0,1,4,21,0,0,3,40,0,0,0,0,0,1,6,0,0,6,1,0,8,1,9
325,01-Feb-21,2021-02-01,Deceased,0,1,0,1,2,5,0,3,0,1,4,0,0,1,3,17,0,0,2,27,0,0,0,0,0,3,1,0,0,7,2,0,4,4,6
326,02-Feb-21,2021-02-02,Deceased,0,2,0,0,4,5,0,2,0,1,1,1,2,2,3,16,0,0,3,30,0,1,0,0,0,0,12,2,2,4,1,0,6,3,9
327,03-Feb-21,2021-02-03,Deceased,0,1,0,0,3,7,0,6,0,2,1,1,3,2,2,20,0,0,1,30,1,0,0,0,0,1,0,2,0,4,2,0,6,4,7
328,04-Feb-21,2021-02-04,Deceased,0,0,0,1,2,6,0,7,2,1,2,1,2,0,2,17,0,0,2,46,0,0,0,0,1,0,7,0,0,4,2,0,6,4,4
329,05-Feb-21,2021-02-05,Deceased,0,1,0,0,2,8,0,2,0,1,1,0,1,0,3,19,0,0,1,40,0,0,0,0,1,2,-1,1,0,4,1,0,2,3,2
330,06-Feb-21,2021-02-06,Deceased,0,1,0,0,1,3,0,4,0,1,0,1,0,0,3,16,0,0,1,25,0,0,0,0,1,0,6,1,0,3,1,0,4,2,1
331,07-Feb-21,2021-02-07,Deceased,0,0,0,0,1,6,0,2,2,1,2,1,0,1,3,19,0,0,0,30,1,0,0,0,0,0,2,0,0,1,2,0,1,4,5
332,08-Feb-21,2021-02-08,Deceased,0,1,0,1,1,3,0,3,0,1,0,0,0,0,3,16,0,0,3,15,0,1,0,0,1,1,11,2,0,4,1,0,4,3,2
333,09-Feb-21,2021-02-09,Deceased,0,0,0,1,1,2,0,0,2,1,4,3,0,0,2,19,0,0,2,35,0,0,0,0,0,0,8,0,0,4,1,0,0,2,6
334,10-Feb-21,2021-02-10,Deceased,0,1,0,0,2,9,0,2,2,0,0,1,1,3,3,18,0,0,2,30,0,0,0,0,0,1,14,3,0,5,1,0,5,1,5
335,11-Feb-21,2021-02-11,Deceased,0,0,0,0,1,4,0,2,0,2,1,1,2,0,7,16,0,0,1,25,0,0,0,0,0,0,7,2,0,6,0,0,0,2,5
336,12-Feb-21,2021-02-12,Deceased,0,1,0,0,1,7,0,3,1,1,1,1,1,0,8,18,0,0,1,36,0,0,0,0,0,0,8,1,0,6,1,0,2,2,4
337,13-Feb-21,2021-02-13,Deceased,0,0,0,1,2,5,0,0,1,0,4,1,1,1,4,16,0,0,0,38,0,0,0,0,0,0,4,1,0,5,0,0,1,2,1
338,14-Feb-21,2021-02-14,Deceased,0,0,0,0,1,1,0,2,1,1,0,2,2,1,2,15,0,0,5,40,0,0,0,0,0,1,3,0,0,6,2,0,3,0,2
339,15-Feb-21,2021-02-15,Deceased,0,1,0,2,2,5,0,2,2,0,0,0,0,2,2,13,0,0,4,23,0,0,1,0,1,1,10,0,0,6,2,0,2,0,1
340,16-Feb-21,2021-02-16,Deceased,0,0,0,0,1,6,0,1,3,1,1,0,0,-1,6,18,0,0,3,39,0,0,0,2,1,0,5,0,0,7,1,0,0,2,2
341,17-Feb-21,2021-02-17,Deceased,0,2,0,1,1,5,0,0,2,1,1,0,0,0,3,16,0,0,1,40,0,0,0,0,0,2,10,1,0,6,1,0,3,1,2
342,18-Feb-21,2021-02-18,Deceased,0,1,0,1,2,2,0,2,0,0,1,0,3,0,6,14,0,0,2,38,0,0,0,1,1,0,10,1,0,6,2,0,4,1,2
343,19-Feb-21,2021-02-19,Deceased,0,1,0,0,1,3,0,1,1,1,0,0,0,0,5,15,0,0,2,44,0,0,0,0,1,2,8,1,0,7,1,0,1,2,3
344,20-Feb-21,2021-02-20,Deceased,0,0,0,0,2,2,0,1,0,0,0,0,0,0,5,13,0,0,4,40,0,0,0,0,0,0,8,1,0,6,0,0,2,0,4
345,21-Feb-21,2021-02-21,Deceased,0,0,0,0,1,5,0,2,0,1,0,1,0,1,2,15,0,0,4,35,0,0,0,0,0,1,6,0,0,3,1,0,1,1,3
346,22-Feb-21,2021-02-22,Deceased,0,0,0,0,1,6,0,1,0,1,0,0,0,1,5,16,0,0,0,18,0,0,0,0,0,0,15,0,0,6,1,0,0,2,2
347,23-Feb-21,2021-02-23,Deceased,0,1,0,0,1,3,0,2,1,0,0,0,1,0,4,14,0,0,1,51,0,0,0,0,0,2,10,0,0,6,0,0,3,1,2
348,24-Feb-21,2021-02-24,Deceased,0,0,0,0,1,4,0,2,1,1,1,0,0,1,6,17,0,0,2,80,0,0,0,0,0,1,7,0,0,6,4,0,3,0,3
349,25-Feb-21,2021-02-25,Deceased,0,0,0,0,1,8,0,0,2,1,0,0,0,0,7,14,0,1,2,56,0,0,0,0,1,1,13,0,0,5,1,0,2,0,4
350,26-Feb-21,2021-02-26,Deceased,0,1,0,1,1,7,0,1,3,0,1,0,1,0,4,14,0,0,3,48,0,0,0,0,0,0,15,1,0,5,2,0,2,1,3
351,27-Feb-21,2021-02-27,Deceased,0,0,0,0,1,4,0,3,0,1,3,0,0,1,6,18,0,0,1,51,0,0,0,0,0,1,11,1,0,5,1,0,-1,1,3
352,28-Feb-21,2021-02-28,Deceased,0,0,0,0,0,3,0,1,1,1,1,0,1,2,5,15,0,0,1,62,0,0,0,0,1,0,7,0,0,3,1,0,0,0,2
353,01-Mar-21,2021-03-01,Deceased,0,0,0,1,0,7,0,1,1,1,2,1,1,0,5,13,0,0,1,30,0,0,0,0,0,1,18,0,0,5,0,0,3,0,0
354,02-Mar-21,2021-03-02,Deceased,0,0,0,0,0,2,0,0,0,0,2,0,0,0,7,16,0,0,0,54,0,0,0,0,1,0,10,0,0,1,1,0,1,0,2
355,03-Mar-21,2021-03-03,Deceased,0,1,0,0,1,4,0,3,0,1,0,0,0,0,3,15,0,0,0,42,0,0,0,0,0,0,12,0,0,2,0,0,0,0,2
356,04-Mar-21,2021-03-04,Deceased,0,1,0,0,1,3,0,1,2,0,0,0,1,1,4,14,0,0,1,60,0,0,0,0,0,0,15,1,0,4,2,0,1,0,1
357,05-Mar-21,2021-03-05,Deceased,0,1,0,0,1,3,0,3,1,1,1,1,1,0,4,16,0,0,0,53,0,0,0,0,0,0,11,1,0,5,2,0,0,2,2
358,06-Mar-21,2021-03-06,Deceased,0,1,0,1,1,1,0,1,0,1,3,0,1,0,5,16,0,0,2,47,0,0,0,0,0,1,12,0,0,4,1,0,0,0,2
359,07-Mar-21,2021-03-07,Deceased,0,1,0,0,1,3,0,2,0,1,0,0,1,2,3,13,0,0,3,38,0,0,0,0,0,0,17,0,0,1,1,0,8,1,1
360,08-Mar-21,2021-03-08,Deceased,0,2,0,0,1,1,0,3,0,1,2,3,1,0,5,12,0,0,1,22,0,0,0,0,0,0,14,0,0,3,1,0,1,0,2
361,09-Mar-21,2021-03-09,Deceased,0,0,0,2,0,5,0,4,3,2,4,2,2,0,6,16,0,0,2,56,0,0,0,0,0,0,20,0,0,4,2,0,2,0,1
362,10-Mar-21,2021-03-10,Deceased,0,1,0,0,1,8,0,3,0,0,2,1,3,0,6,14,0,0,3,54,0,0,0,0,0,0,17,0,0,5,2,0,0,2,2
363,11-Mar-21,2021-03-11,Deceased,0,2,0,1,0,3,0,3,1,0,1,0,1,0,2,13,0,0,4,57,0,0,0,0,0,0,18,0,0,5,3,0,1,1,3
364,12-Mar-21,2021-03-12,Deceased,0,1,0,0,1,5,0,2,1,2,4,0,2,0,5,14,0,0,2,56,0,0,0,0,1,0,34,0,0,4,1,0,2,2,1
365,13-Mar-21,2021-03-13,Deceased,0,2,0,1,1,6,0,3,1,2,4,1,3,0,1,12,0,0,2,88,0,0,0,0,0,0,22,0,0,4,2,0,0,2,1
366,14-Mar-21,2021-03-14,Deceased,0,2,0,0,1,4,0,2,1,2,1,2,0,0,3,15,0,0,2,50,0,0,0,0,0,1,20,1,0,4,1,0,3,1,4
367,15-Mar-21,2021-03-15,Deceased,0,1,0,1,1,7,0,3,1,1,3,4,0,0,7,11,0,0,3,48,0,0,0,0,0,1,27,0,0,4,1,0,2,1,3
368,16-Mar-21,2021-03-16,Deceased,0,0,0,0,1,12,0,1,4,2,2,1,2,1,6,15,0,0,1,87,0,0,0,0,0,1,38,1,0,5,2,0,2,0,2
369,17-Mar-21,2021-03-17,Deceased,0,1,0,0,1,6,0,3,1,3,4,0,1,0,4,13,0,0,2,84,0,0,0,0,0,0,35,0,0,8,3,0,1,0,1
370,18-Mar-21,2021-03-18,Deceased,0,0,0,1,1,5,0,1,1,3,6,2,1,0,8,15,0,0,1,58,0,0,1,0,0,1,32,3,0,9,3,0,2,0,2
371,19-Mar-21,2021-03-19,Deceased,0,1,0,0,1,9,0,4,2,4,1,3,1,1,10,17,0,0,7,70,0,0,0,0,0,0,38,2,0,9,2,0,4,0,1
372,20-Mar-21,2021-03-20,Deceased,0,2,0,0,1,11,0,2,0,6,3,1,1,0,7,15,0,0,2,92,0,1,0,0,0,0,38,0,0,8,2,0,1,0,2
373,21-Mar-21,2021-03-21,Deceased,0,0,0,0,2,10,0,1,3,7,5,1,1,1,2,13,0,0,3,99,0,0,0,0,1,1,44,2,0,9,3,0,1,0,3
374,22-Mar-21,2021-03-22,Deceased,0,2,0,1,2,12,0,7,0,4,3,3,0,1,10,12,0,0,2,58,0,0,0,0,0,1,58,5,0,10,2,0,1,0,2
375,23-Mar-21,2021-03-23,Deceased,0,2,0,1,2,20,0,4,3,4,3,4,2,1,5,10,0,0,4,132,0,0,0,0,0,1,53,4,0,9,3,1,4,2,2
376,24-Mar-21,2021-03-24,Deceased,0,4,0,1,2,29,0,6,0,8,6,2,0,2,12,10,0,0,7,95,1,0,0,0,0,2,39,1,0,12,2,0,5,0,2
377,25-Mar-21,2021-03-25,Deceased,0,4,0,1,2,15,0,5,1,7,7,2,0,0,10,12,0,0,9,111,0,1,0,0,0,0,43,0,0,11,4,0,4,1,4
378,26-Mar-21,2021-03-26,Deceased,0,2,0,0,2,22,0,9,1,6,8,1,1,3,13,14,0,0,9,112,0,0,0,0,0,0,59,3,0,9,3,0,6,1,4
379,27-Mar-21,2021-03-27,Deceased,0,0,0,0,2,13,0,10,1,5,7,3,1,4,8,14,0,0,10,166,0,0,0,0,1,1,45,0,0,9,2,0,4,1,2
380,28-Mar-21,2021-03-28,Deceased,0,2,0,0,1,15,0,9,2,8,9,3,4,3,12,12,0,0,11,108,0,0,0,0,0,0,69,2,0,11,3,0,3,3,2
381,29-Mar-21,2021-03-29,Deceased,0,5,0,0,1,20,0,6,2,8,2,3,0,0,16,11,0,0,9,102,0,0,0,0,1,1,59,0,0,14,2,0,4,-1,1
382,30-Mar-21,2021-03-30,Deceased,0,3,0,0,1,35,0,4,1,10,4,6,1,3,21,16,0,0,10,139,0,0,0,0,0,1,64,0,0,16,4,0,10,2,2
383,31-Mar-21,2021-03-31,Deceased,0,4,0,1,2,39,0,11,1,9,8,3,4,0,26,15,0,0,9,227,0,0,0,0,0,0,55,5,0,19,3,0,11,4,2
384,01-Apr-21,2021-04-01,Deceased,0,3,0,2,2,34,0,9,1,9,9,4,4,1,18,11,0,0,12,249,0,0,0,0,0,1,58,4,0,19,4,0,9,2,2
385,02-Apr-21,2021-04-02,Deceased,0,5,0,0,2,43,0,14,1,11,10,4,5,1,6,14,0,0,16,481,0,0,0,0,0,1,57,2,0,12,5,0,16,2,4
386,03-Apr-21,2021-04-03,Deceased,0,9,0,0,2,36,0,10,2,13,10,4,2,7,19,12,0,0,15,277,0,0,0,0,0,0,49,3,0,14,6,0,14,4,5
387,04-Apr-21,2021-04-04,Deceased,0,5,0,2,1,36,0,21,1,14,7,10,3,8,15,10,0,0,11,222,0,0,0,0,1,0,51,2,0,14,5,0,31,2,4
388,05-Apr-21,2021-04-05,Deceased,0,5,0,0,3,44,0,15,2,15,8,6,2,10,32,12,0,0,15,155,0,0,0,0,0,0,72,12,1,11,6,0,13,2,4
389,06-Apr-21,2021-04-06,Deceased,0,7,0,2,2,53,0,17,1,17,9,5,2,4,39,14,0,0,18,297,0,0,0,0,0,2,61,13,0,15,6,0,30,7,7
390,07-Apr-21,2021-04-07,Deceased,0,11,0,0,3,53,0,20,2,22,11,9,6,7,35,16,0,0,13,322,0,0,0,0,1,1,62,12,0,17,5,1,40,5,8
391,08-Apr-21,2021-04-08,Deceased,0,6,0,1,4,94,0,24,2,35,11,6,1,7,36,18,0,0,27,376,1,1,0,0,0,0,56,20,0,19,7,0,39,3,7
392,09-Apr-21,2021-04-09,Deceased,0,11,0,3,3,91,0,39,3,42,11,7,4,17,46,22,0,0,23,301,0,0,0,0,1,0,56,12,0,23,5,0,36,5,8
393,10-Apr-21,2021-04-10,Deceased,0,12,0,2,6,123,0,39,1,49,11,12,6,17,36,17,1,0,24,309,0,0,0,0,2,2,58,18,0,23,6,0,46,3,12
394,11-Apr-21,2021-04-11,Deceased,0,9,0,1,6,122,0,48,2,54,16,0,5,21,40,16,0,0,24,349,1,0,0,2,0,2,59,10,0,22,7,0,67,8,10
395,12-Apr-21,2021-04-12,Deceased,0,11,0,0,6,132,0,72,2,55,14,9,0,19,52,11,0,0,37,258,0,0,1,0,2,2,52,25,0,19,6,1,72,7,14
396,13-Apr-21,2021-04-13,Deceased,0,10,0,1,14,156,0,81,3,67,16,11,3,29,67,20,0,0,40,281,0,0,0,0,2,3,50,28,0,18,7,0,85,13,20
397,14-Apr-21,2021-04-14,Deceased,1,18,0,3,21,120,0,104,4,73,18,13,5,31,38,22,1,0,51,278,0,0,0,0,3,2,63,29,0,25,8,0,67,13,24
398,15-Apr-21,2021-04-15,Deceased,0,14,0,1,24,135,2,112,5,81,18,11,4,28,66,20,0,0,53,349,0,0,0,0,2,1,50,33,0,29,8,0,104,9,22
399,16-Apr-21,2021-04-16,Deceased,0,20,0,4,13,138,0,141,6,94,20,9,2,56,78,21,0,0,60,398,0,1,0,1,3,3,50,31,0,33,9,0,103,17,26
400,17-Apr-21,2021-04-17,Deceased,1,15,0,2,34,158,0,167,4,97,32,12,3,30,80,27,1,0,66,419,0,0,0,0,4,3,62,37,0,39,12,0,120,37,34
401,18-Apr-21,2021-04-18,Deceased,0,22,0,6,27,170,0,161,11,110,29,10,6,50,81,25,0,0,66,503,0,1,0,0,2,3,68,42,0,42,15,0,127,12,28
402,19-Apr-21,2021-04-19,Deceased,0,27,0,7,41,175,0,240,17,117,33,13,6,46,146,21,0,0,79,351,1,1,0,0,4,5,83,53,0,44,14,0,167,24,38
403,20-Apr-21,2021-04-20,Deceased,0,35,0,3,51,191,0,277,26,121,35,16,8,45,149,28,1,0,77,519,1,0,0,0,5,4,60,64,0,48,18,0,162,27,46
404,21-Apr-21,2021-04-21,Deceased,0,38,0,5,56,193,0,249,17,125,45,17,13,62,116,22,0,0,75,568,2,3,0,0,5,5,69,62,0,53,20,0,187,34,58
405,22-Apr-21,2021-04-22,Deceased,1,31,0,10,59,207,0,306,21,137,55,18,8,106,123,28,1,0,75,568,1,0,0,0,7,4,75,59,1,59,23,0,195,19,56
406,23-Apr-21,2021-04-23,Deceased,0,38,0,12,54,219,0,348,12,142,60,26,19,63,190,27,0,0,74,773,0,0,0,0,8,2,75,64,0,78,29,0,196,49,59
407,24-Apr-21,2021-04-24,Deceased,1,37,0,14,77,218,0,357,17,152,60,24,15,110,208,25,1,0,104,676,2,1,0,1,8,9,92,74,0,80,33,0,222,81,59
408,25-Apr-21,2021-04-25,Deceased,0,69,2,14,68,199,0,350,24,157,64,32,21,103,143,30,2,0,92,832,2,2,1,3,7,11,76,74,1,82,38,0,206,44,57
409,26-Apr-21,2021-04-26,Deceased,0,51,0,15,67,226,0,380,38,158,75,27,25,124,201,28,0,0,88,524,5,1,0,0,9,10,98,84,2,94,43,0,249,67,68
410,27-Apr-21,2021-04-27,Deceased,0,64,0,18,85,246,0,381,31,170,84,24,25,131,180,32,1,0,98,895,3,4,0,0,10,13,100,121,2,77,52,0,264,96,73
411,28-Apr-21,2021-04-28,Deceased,1,71,0,22,84,279,0,368,24,174,95,33,30,149,229,41,0,0,105,1035,2,2,0,2,10,10,142,120,1,98,56,2,265,108,77
412,29-Apr-21,2021-04-29,Deceased,0,57,1,26,89,251,0,395,36,180,97,40,26,145,270,48,1,3,95,771,5,2,0,0,12,12,137,158,3,107,58,0,295,85,89
413,30-Apr-21,2021-04-30,Deceased,0,64,0,26,80,269,0,375,22,173,98,37,30,120,217,49,3,0,97,828,5,2,2,4,14,12,113,155,1,113,53,0,332,122,96
414,01-May-21,2021-05-01,Deceased,1,61,0,23,82,229,0,412,54,172,125,28,47,169,271,48,1,0,102,802,5,3,0,3,11,12,138,160,1,147,51,2,304,107,103
415,02-May-21,2021-05-02,Deceased,1,83,0,30,97,199,0,407,52,153,145,44,40,115,217,49,1,0,94,669,5,5,1,2,14,16,157,159,1,153,56,0,288,71,92
416,03-May-21,2021-05-03,Deceased,1,71,0,29,82,266,0,448,46,140,140,43,51,129,239,45,3,2,93,567,7,6,1,6,5,15,155,154,1,122,49,1,285,128,98
417,04-May-21,2021-05-04,Deceased,0,82,0,41,105,210,0,338,52,131,153,48,37,132,288,57,3,0,98,891,2,0,0,0,15,17,173,154,1,144,59,1,351,85,107
418,05-May-21,2021-05-05,Deceased,1,85,0,55,61,253,0,311,71,133,181,32,52,141,346,58,0,1,71,920,10,6,0,3,16,18,180,155,4,167,51,0,353,127,103
419,06-May-21,2021-05-06,Deceased,1,72,0,46,90,212,0,335,58,123,177,45,52,133,328,63,0,1,86,853,13,2,0,3,17,18,154,161,3,195,52,3,350,151,117
420,07-May-21,2021-05-07,Deceased,0,73,1,47,62,208,0,341,56,119,162,56,50,136,592,54,1,1,84,898,2,6,0,1,19,19,165,164,2,197,87,1,372,137,112
421,08-May-21,2021-05-08,Deceased,2,96,0,50,76,223,0,332,55,119,155,37,60,141,482,64,1,0,90,864,12,11,0,15,21,19,171,160,5,241,38,1,297,118,127
422,09-May-21,2021-05-09,Deceased,2,92,0,48,67,189,0,273,67,121,151,55,54,97,490,68,2,0,86,572,15,18,2,3,19,26,191,159,2,236,35,1,294,180,124
423,10-May-21,2021-05-10,Deceased,2,84,4,77,75,172,0,319,50,117,161,53,56,129,596,65,2,1,81,549,13,5,3,10,17,23,198,160,2,232,32,4,278,168,134
424,11-May-21,2021-05-11,Deceased,0,108,4,85,72,199,0,347,75,118,144,64,65,103,480,79,0,0,94,793,20,9,0,6,18,30,214,169,8,298,32,3,301,118,132
425,12-May-21,2021-05-12,Deceased,3,89,1,71,74,153,0,300,70,102,165,66,65,97,516,95,1,1,84,816,17,8,1,9,17,27,193,164,6,293,31,9,326,109,135
426,13-May-21,2021-05-13,Deceased,2,89,3,75,90,195,0,308,63,109,163,63,55,108,344,97,3,2,74,850,10,18,0,12,19,24,186,159,9,297,33,2,277,122,129
427,14-May-21,2021-05-14,Deceased,2,96,5,76,77,172,0,289,61,104,164,67,60,76,373,93,2,0,88,695,16,12,0,13,22,30,180,155,6,288,29,2,311,181,136
428,15-May-21,2021-05-15,Deceased,0,98,1,63,73,129,0,337,58,95,144,56,63,65,349,96,2,0,72,960,10,21,0,6,21,20,216,149,5,303,32,3,281,197,144
429,16-May-21,2021-05-16,Deceased,3,101,3,56,89,144,0,262,43,82,139,70,59,48,403,89,0,1,79,974,16,19,1,13,19,32,202,156,2,311,27,2,308,188,147
430,17-May-21,2021-05-17,Deceased,1,109,4,92,96,149,0,340,53,81,114,58,73,60,476,87,0,0,77,1000,14,16,2,7,22,28,191,157,5,335,30,10,271,223,147
431,18-May-21,2021-05-18,Deceased,3,99,2,73,111,153,0,265,45,67,124,78,71,62,525,97,5,1,70,1291,20,19,3,12,22,33,231,146,2,364,27,4,255,98,145
432,19-May-21,2021-05-19,Deceased,3,106,2,89,104,146,0,235,31,71,153,69,62,53,468,112,1,3,88,594,23,24,1,6,21,29,208,139,2,365,25,5,280,193,157
433,20-May-21,2021-05-20,Deceased,1,114,0,74,98,113,0,233,44,64,129,65,67,60,548,128,1,2,88,984,11,10,0,11,25,28,191,127,3,397,23,3,236,159,162
434,21-May-21,2021-05-21,Deceased,2,104,3,81,98,96,0,252,30,65,112,57,43,46,353,142,1,2,79,1263,15,25,0,13,27,26,172,129,3,467,25,2,172,116,159
435,22-May-21,2021-05-22,Deceased,3,118,3,79,103,103,0,182,39,54,98,55,48,41,451,176,3,2,89,682,13,21,1,13,26,30,201,115,1,448,21,2,218,134,154
436,23-May-21,2021-05-23,Deceased,2,104,3,72,107,92,0,189,42,53,97,59,51,37,624,188,2,0,75,1320,14,22,2,14,28,34,192,113,3,422,19,6,231,71,156
437,24-May-21,2021-05-24,Deceased,1,96,4,84,93,60,0,207,38,45,95,61,45,33,529,196,0,0,60,592,17,26,0,12,32,23,187,103,8,404,21,2,153,122,153
438,25-May-21,2021-05-25,Deceased,2,106,2,92,104,77,0,156,39,44,128,60,53,20,588,177,1,2,68,1137,15,19,1,18,33,26,174,105,5,468,23,5,157,93,157
439,26-May-21,2021-05-26,Deceased,2,99,3,90,99,56,0,130,39,36,106,44,40,19,530,151,2,0,72,992,10,10,0,12,35,27,185,107,2,475,20,3,193,93,153
440,27-May-21,2021-05-27,Deceased,1,104,2,83,98,69,0,117,39,33,98,59,37,16,476,181,4,2,70,884,18,12,0,11,34,20,177,85,1,474,18,6,187,88,148
441,28-May-21,2021-05-28,Deceased,4,103,2,80,61,67,0,139,32,27,96,64,56,20,401,194,2,1,63,973,13,20,1,5,33,21,176,78,3,486,19,6,154,60,145
442,29-May-21,2021-05-29,Deceased,0,104,3,77,48,64,0,122,27,29,97,30,46,13,492,198,0,2,68,832,15,7,0,7,35,21,125,70,4,486,21,13,155,99,148
443,30-May-21,2021-05-30,Deceased,1,94,1,55,52,37,0,78,28,25,89,41,29,19,381,186,1,1,60,814,17,13,1,13,33,21,127,66,3,493,16,9,138,41,142
444,31-May-21,2021-05-31,Deceased,1,98,0,65,59,32,0,86,24,18,82,16,37,13,411,174,1,1,48,500,14,14,4,0,35,18,118,68,3,478,18,6,151,51,131
445,01-Jun-21,2021-06-01,Deceased,3,104,1,51,59,29,0,62,22,22,80,38,32,9,464,194,1,0,45,854,18,14,2,9,37,14,99,65,4,490,15,6,175,45,137
446,02-Jun-21,2021-06-02,Deceased,1,98,2,61,46,40,0,103,22,18,78,29,24,11,463,213,1,2,45,553,14,24,2,27,40,17,99,65,3,483,17,6,115,38,135
447,03-Jun-21,2021-06-03,Deceased,0,81,1,46,28,22,0,45,17,17,71,23,29,10,514,153,2,0,50,643,10,9,2,5,42,16,92,44,3,460,18,9,108,38,108
448,04-Jun-21,2021-06-04,Deceased,2,83,3,54,23,23,0,50,17,16,73,27,34,13,364,135,1,1,50,1377,14,18,2,12,39,18,87,40,3,463,15,5,136,58,113
449,05-Jun-21,2021-06-05,Deceased,1,80,1,44,21,30,0,60,17,15,59,19,25,12,365,209,1,2,38,741,9,9,4,6,40,12,82,32,2,443,18,11,120,33,118
450,06-Jun-21,2021-06-06,Deceased,0,90,2,37,41,25,0,34,16,12,48,18,23,8,320,227,0,0,42,618,9,12,1,4,42,15,67,25,5,434,14,8,101,35,107
451,07-Jun-21,2021-06-07,Deceased,1,86,0,37,43,26,0,36,80,11,39,18,16,6,340,211,0,3,32,340,15,5,2,3,41,10,84,31,0,351,16,6,81,32,103
452,08-Jun-21,2021-06-08,Deceased,2,77,1,43,34,14,0,41,19,11,38,13,11,13,179,124,0,1,36,702,12,9,2,3,45,6,59,32,2,409,15,8,92,66,98
453,09-Jun-21,2021-06-09,Deceased,0,67,2,55,3971,14,0,36,18,10,40,15,17,3,192,156,0,0,36,661,7,16,1,3,43,4,74,30,1,405,17,5,91,52,95
454,10-Jun-21,2021-06-10,Deceased,0,67,5,51,23,14,0,44,14,11,32,17,25,5,194,194,2,0,34,1915,10,10,3,6,44,9,74,23,3,358,14,14,81,29,87
455,11-Jun-21,2021-06-11,Deceased,0,61,5,29,14,15,0,24,8,9,43,7,17,1,159,173,0,1,35,2619,19,10,0,4,43,11,68,27,2,378,16,5,70,31,89
456,12-Jun-21,2021-06-12,Deceased,1,58,5,42,18,11,0,28,15,6,45,17,14,0,144,171,0,0,21,1966,15,13,1,3,47,9,68,16,0,374,13,8,68,19,81
457,13-Jun-21,2021-06-13,Deceased,0,58,2,36,8,6,0,23,14,6,43,7,12,2,125,206,0,1,21,2771,15,6,1,5,45,7,59,7,0,267,15,9,51,7,84
458,14-Jun-21,2021-06-14,Deceased,0,59,6,43,13,17,0,16,9,6,40,7,9,1,120,161,1,0,36,1592,16,10,7,3,44,7,40,20,0,254,12,7,72,25,78
459,15-Jun-21,2021-06-15,Deceased,0,53,4,34,9,8,0,12,10,4,38,12,10,4,115,166,1,1,27,1458,8,7,0,3,42,5,48,14,3,267,14,4,56,25,75
460,16-Jun-21,2021-06-16,Deceased,1,57,0,36,9,12,0,25,13,5,39,4,12,3,148,147,0,0,34,1236,10,8,2,2,44,6,48,9,1,270,11,5,49,12,69
461,17-Jun-21,2021-06-17,Deceased,0,58,3,41,4,7,0,10,9,6,38,10,9,3,138,88,1,0,30,636,13,4,3,5,39,8,40,10,2,210,13,5,67,14,64
462,18-Jun-21,2021-06-18,Deceased,0,57,1,33,9,7,0,14,6,5,36,5,8,2,168,90,0,0,28,648,12,9,1,1,37,4,33,9,3,287,12,3,51,6,58
463,19-Jun-21,2021-06-19,Deceased,0,45,0,40,7,9,0,7,9,5,33,10,4,2,161,115,1,1,30,682,6,5,2,1,42,6,31,7,1,180,10,5,51,9,55
464,20-Jun-21,2021-06-20,Deceased,0,50,0,30,7,10,0,7,6,4,30,3,14,0,120,112,1,0,30,605,8,4,4,1,40,3,24,4,2,182,11,4,46,9,53
465,21-Jun-21,2021-06-21,Deceased,0,44,0,35,7,8,0,11,7,2,29,6,10,1,142,94,0,0,19,352,8,5,2,6,43,3,28,6,0,189,9,4,46,9,42
466,22-Jun-21,2021-06-22,Deceased,0,53,1,37,6,7,0,8,11,3,20,5,7,2,139,141,0,1,20,482,10,3,1,2,38,1,34,3,3,194,10,4,58,8,47
467,23-Jun-21,2021-06-23,Deceased,0,36,0,30,6,5,0,7,5,3,19,8,4,2,123,150,0,0,21,508,9,9,1,0,46,4,35,1,0,166,12,4,54,16,38
468,24-Jun-21,2021-06-24,Deceased,0,38,2,34,4,8,0,8,9,2,19,2,11,2,138,136,0,0,22,556,11,10,1,2,44,3,21,0,2,155,9,2,30,6,41
469,25-Jun-21,2021-06-25,Deceased,0,38,3,26,3,8,0,4,5,3,18,2,7,1,114,118,0,1,22,511,8,7,2,2,40,5,12,0,1,150,11,2,15,9,35
470,26-Jun-21,2021-06-26,Deceased,0,38,2,33,2,4,0,9,5,3,17,6,5,3,115,118,0,0,25,511,15,3,2,6,47,2,23,5,2,148,9,3,62,3,32
471,27-Jun-21,2021-06-27,Deceased,0,33,0,37,1,4,0,4,7,3,17,2,8,1,89,62,0,0,21,405,16,2,0,0,39,3,12,4,0,91,8,3,75,2,29
472,28-Jun-21,2021-06-28,Deceased,1,31,0,42,4,6,0,2,7,3,16,3,6,0,93,110,0,0,19,287,6,8,0,6,43,1,20,2,3,98,9,4,41,4,32
473,29-Jun-21,2021-06-29,Deceased,0,41,1,27,1,1,0,4,2,2,16,1,6,2,93,104,0,0,18,231,11,4,1,0,40,3,22,2,1,118,7,3,18,3,35
474,30-Jun-21,2021-06-30,Deceased,0,35,4,30,4,1,0,6,6,3,14,2,7,0,111,142,0,0,15,141,9,7,1,2,48,1,19,3,2,113,10,2,14,221,29
475,01-Jul-21,2021-07-01,Deceased,0,38,4,38,4,6,0,4,6,3,15,1,4,0,94,124,0,1,12,252,12,6,0,3,45,2,20,2,1,102,8,5,10,8,27
476,02-Jul-21,2021-07-02,Deceased,0,35,0,27,2,5,0,2,2,2,15,1,6,0,88,146,0,0,8,156,13,5,1,0,46,8,14,7,0,97,9,1,15,3,23
477,03-Jul-21,2021-07-03,Deceased,0,36,0,28,5,3,0,5,7,3,13,1,2,1,86,135,0,0,12,371,13,6,1,1,45,1,17,4,0,115,6,2,6,4,21
478,04-Jul-21,2021-07-04,Deceased,0,29,1,20,2,3,0,7,4,2,12,1,2,1,59,75,2,0,8,306,8,7,0,0,42,1,7,4,0,72,7,3,18,2,20
479,05-Jul-21,2021-07-05,Deceased,0,26,2,31,5,1,0,2,2,2,10,1,6,2,67,102,0,0,6,106,8,9,3,0,52,1,12,3,1,54,7,4,6,2,18
480,06-Jul-21,2021-07-06,Deceased,0,28,2,34,5,5,0,4,4,1,10,1,2,1,92,142,0,0,2,395,14,9,0,4,51,1,9,1,0,73,5,5,10,3,17
481,07-Jul-21,2021-07-07,Deceased,0,21,3,26,1,2,0,4,3,0,9,1,4,0,75,148,0,0,2,326,11,6,1,2,59,2,10,0,2,64,7,4,10,0,16
482,08-Jul-21,2021-07-08,Deceased,0,27,1,21,2,3,0,3,4,0,10,0,4,1,62,142,1,0,4,439,12,4,2,0,57,2,16,0,1,57,4,2,10,0,17
483,09-Jul-21,2021-07-09,Deceased,0,14,1,24,0,5,0,3,2,1,9,1,1,0,68,130,1,0,1,738,10,9,0,2,61,1,11,1,0,69,6,6,13,0,19
484,10-Jul-21,2021-07-10,Deceased,1,26,2,24,4,3,0,1,7,0,8,3,2,0,48,109,0,0,1,494,7,7,2,0,58,1,9,2,1,49,5,3,4,0,17
485,11-Jul-21,2021-07-11,Deceased,0,16,1,16,0,3,0,3,2,0,8,1,1,0,56,97,0,0,0,350,14,2,4,0,65,0,9,0,2,47,4,0,5,1,13
486,12-Jul-21,2021-07-12,Deceased,0,22,2,37,1,0,0,3,0,1,6,1,0,0,61,100,0,0,1481,146,15,5,5,4,63,2,7,0,2,36,6,3,2,2,11
487,13-Jul-21,2021-07-13,Deceased,0,18,2,23,0,4,0,2,4,0,7,4,1,1,48,124,0,0,2,196,22,5,1,3,68,0,6,0,0,48,3,2,4,10,17
488,14-Jul-21,2021-07-14,Deceased,0,15,2,22,2,4,0,1,0,0,8,3,2,0,45,128,0,0,0,170,17,3,2,2,65,1,8,2,0,55,5,1,0,1,14
489,15-Jul-21,2021-07-15,Deceased,0,24,2,27,4,3,0,1,1,0,7,3,1,0,48,87,0,0,2,170,14,5,1,0,66,1,5,0,1,49,4,3,1,2,12
490,16-Jul-21,2021-07-16,Deceased,0,16,2,24,1,3,0,1,4,0,8,2,1,0,42,130,0,0,0,167,10,5,3,3,64,2,3,0,1,46,4,1,6,1,10
491,17-Jul-21,2021-07-17,Deceased,0,18,2,23,1,2,0,4,3,1,7,1,1,0,42,114,0,0,2,124,15,8,1,5,67,1,9,2,2,43,5,1,4,1,8
492,18-Jul-21,2021-07-18,Deceased,0,17,1,15,2,2,0,0,2,1,6,2,1,0,36,81,0,0,0,180,11,6,2,4,66,2,9,1,3,29,3,2,6,0,11
493,19-Jul-21,2021-07-19,Deceased,0,22,1,20,1,4,0,3,0,0,6,0,1,2,40,58,0,0,0,66,16,10,1,2,58,0,4,1,0,28,5,3,7,1,12
494,20-Jul-21,2021-07-20,Deceased,0,24,0,10,2,4,0,5,2,0,3,0,6,0,29,104,0,0,0,3656,17,13,2,2,56,3,7,0,1,30,2,1,9,0,10
495,21-Jul-21,2021-07-21,Deceased,0,19,1,25,3,2,0,4,5,0,3,0,1,0,36,106,0,0,0,165,15,6,2,3,69,0,2,0,1,27,5,2,2,0,6
496,22-Jul-21,2021-07-22,Deceased,0,12,4,22,0,1,0,1,5,0,2,2,1,0,31,122,0,0,0,120,12,14,3,1,67,2,4,1,2,29,3,1,4,2,13
497,23-Jul-21,2021-07-23,Deceased,0,14,4,15,0,1,0,1,3,0,3,2,1,0,30,132,1,0,0,167,15,21,1,1,69,3,6,0,1,24,4,2,5,0,16
498,24-Jul-21,2021-07-24,Deceased,0,18,1,23,2,3,0,0,0,0,1,2,0,2,29,98,0,0,0,224,14,5,4,1,68,1,2,0,1,27,2,4,1,0,8
499,25-Jul-21,2021-07-25,Deceased,0,15,3,22,2,5,0,2,6,0,2,1,0,0,22,66,0,0,0,123,13,10,1,4,67,2,8,0,0,22,4,1,1,0,9
500,26-Jul-21,2021-07-26,Deceased,0,17,2,26,0,1,0,1,4,0,3,2,1,0,31,135,0,0,0,53,9,7,1,3,62,1,12,0,1,26,3,5,0,0,12
501,27-Jul-21,2021-07-27,Deceased,0,19,3,18,0,2,0,2,4,0,2,2,0,1,32,156,0,0,0,254,11,9,2,5,60,1,3,1,2,29,4,3,4,2,10
502,28-Jul-21,2021-07-28,Deceased,0,20,3,21,0,1,0,3,2,0,3,2,1,1,19,131,0,1,1,286,12,8,1,2,69,1,5,0,0,29,2,1,1,0,14
503,29-Jul-21,2021-07-29,Deceased,0,20,1,20,3,0,0,0,2,0,3,0,1,0,35,128,0,0,0,190,11,14,0,4,65,0,4,0,4,28,3,2,-3,0,14
504,30-Jul-21,2021-07-30,Deceased,0,22,1,20,1,3,0,3,2,0,3,0,1,2,34,116,0,0,0,231,20,11,3,5,66,1,2,0,5,27,4,4,4,1,5
505,31-Jul-21,2021-07-31,Deceased,0,23,3,19,0,1,0,1,1,0,2,1,0,0,37,80,0,0,0,225,15,12,5,5,68,2,1,1,2,26,2,1,0,0,8
506,01-Aug-21,2021-08-01,Deceased,0,18,2,15,1,1,0,1,1,0,3,0,1,1,25,56,0,0,0,157,10,11,2,4,64,0,1,0,1,26,3,0,7,0,13
507,02-Aug-21,2021-08-02,Deceased,0,15,3,19,0,3,0,0,2,0,1,1,2,0,25,118,0,0,0,90,12,13,1,4,67,0,0,0,1,28,2,0,0,1,12
508,03-Aug-21,2021-08-03,Deceased,0,18,0,13,0,2,0,4,2,0,2,1,3,0,38,148,0,0,0,177,14,9,4,3,69,0,5,0,2,29,4,0,2,3,9
509,04-Aug-21,2021-08-04,Deceased,0,16,2,19,2,1,0,0,1,0,3,4,1,0,30,108,0,0,0,195,14,7,2,2,66,3,0,0,1,38,3,2,2,0,10
510,05-Aug-21,2021-08-05,Deceased,0,24,0,17,0,2,0,2,3,0,2,4,1,0,25,117,0,0,1,120,8,8,1,2,68,0,2,0,2,33,3,4,3,0,13
511,06-Aug-21,2021-08-06,Deceased,0,22,1,14,0,3,0,5,1,1,1,2,0,1,36,187,0,0,0,187,14,14,3,1,66,1,11,0,1,30,2,1,1,1,9
512,07-Aug-21,2021-08-07,Deceased,0,23,3,15,0,3,0,1,2,0,1,0,0,0,32,139,0,0,0,128,12,7,1,1,64,1,1,0,3,29,4,4,2,0,15
513,08-Aug-21,2021-08-08,Deceased,0,18,2,15,0,1,0,0,1,0,1,1,3,0,20,93,0,0,0,151,10,9,5,2,69,0,3,0,0,28,2,1,0,0,12
514,09-Aug-21,2021-08-09,Deceased,0,18,4,17,0,0,0,1,4,0,1,1,1,0,24,105,0,1,0,68,7,11,1,0,66,0,4,0,0,23,3,3,1,1,11
515,10-Aug-21,2021-08-10,Deceased,0,15,2,16,0,4,0,1,0,0,2,2,2,0,31,152,0,0,0,137,7,11,3,0,64,0,2,0,1,27,3,1,1,0,12
516,11-Aug-21,2021-08-11,Deceased,0,18,3,14,0,1,0,0,0,0,1,2,1,0,33,116,0,0,0,163,10,10,1,6,65,1,3,0,3,28,2,2,1,1,6
517,12-Aug-21,2021-08-12,Deceased,0,13,0,17,0,0,0,0,2,1,1,3,2,0,30,160,0,0,0,208,9,5,1,2,67,2,9,0,1,33,3,0,4,0,10
518,13-Aug-21,2021-08-13,Deceased,0,20,1,20,3,0,0,0,2,0,2,2,0,1,22,114,0,0,0,158,8,13,1,1,60,0,0,0,0,34,2,2,2,1,8
519,14-Aug-21,2021-08-14,Deceased,0,16,0,11,0,1,0,1,0,0,1,1,0,0,25,105,0,0,0,179,9,7,4,3,66,1,6,0,1,34,3,1,1,0,15
520,15-Aug-21,2021-08-15,Deceased,0,16,0,10,0,1,0,0,3,0,1,3,2,0,21,102,0,0,0,130,10,7,3,4,64,1,2,0,0,23,1,4,1,0,12
521,16-Aug-21,2021-08-16,Deceased,0,13,0,10,0,1,0,0,5,0,2,3,1,0,28,142,0,0,1,100,6,8,3,4,66,0,2,0,0,28,3,1,1,1,9
522,17-Aug-21,2021-08-17,Deceased,0,11,0,11,0,1,0,4,1,0,1,6,1,1,32,127,0,0,0,116,6,5,0,2,68,0,1,0,2,32,2,1,1,2,6
523,18-Aug-21,2021-08-18,Deceased,0,15,2,15,0,0,0,4,1,0,1,1,1,0,22,179,0,0,0,158,6,12,2,1,65,0,0,0,0,31,2,0,1,1,7
524,19-Aug-21,2021-08-19,Deceased,0,10,1,10,0,2,0,2,2,0,2,1,0,0,27,197,0,0,0,154,4,5,4,0,68,1,2,0,1,29,3,2,2,2,12
525,20-Aug-21,2021-08-20,Deceased,0,6,2,13,0,1,0,0,2,0,1,3,1,0,17,99,0,0,0,105,7,4,2,1,69,0,4,0,0,24,2,1,2,0,9
526,21-Aug-21,2021-08-21,Deceased,0,13,0,15,0,0,0,0,2,1,1,1,0,0,18,83,0,0,0,145,8,8,0,0,66,2,1,0,0,23,2,0,1,1,10
527,22-Aug-21,2021-08-22,Deceased,0,8,2,10,0,1,0,0,1,0,1,6,1,0,22,66,0,0,1,145,4,9,4,1,69,0,0,0,1,23,2,0,0,0,8
528,23-Aug-21,2021-08-23,Deceased,0,12,0,11,1,1,0,0,1,0,1,5,1,0,10,90,0,0,0,105,4,3,4,0,68,0,1,0,2,25,3,2,0,0,7
529,24-Aug-21,2021-08-24,Deceased,0,15,0,13,0,1,0,0,0,0,1,4,1,0,29,173,0,0,0,288,4,4,1,1,67,1,2,0,0,27,1,3,2,0,12
530,25-Aug-21,2021-08-25,Deceased,0,16,0,7,0,0,0,1,1,1,1,1,0,0,22,215,0,0,0,216,4,7,0,1,69,0,3,0,0,27,2,1,0,0,10
531,26-Aug-21,2021-08-26,Deceased,0,12,1,11,0,0,0,0,4,0,1,3,0,0,25,162,0,0,0,159,4,2,1,0,66,0,4,0,0,26,1,2,0,0,9
532,27-Aug-21,2021-08-27,Deceased,0,10,0,9,2,0,0,0,0,1,1,3,1,0,17,179,0,0,0,170,3,2,4,2,69,0,2,0,1,21,2,2,2,3,8
533,28-Aug-21,2021-08-28,Deceased,0,19,0,9,1,0,0,0,2,0,1,6,1,0,13,153,0,0,0,126,5,3,3,0,68,1,2,0,1,21,2,1,11,0,7
534,29-Aug-21,2021-08-29,Deceased,0,18,0,4,0,0,0,0,2,0,1,1,1,0,17,75,0,0,0,131,4,7,3,148,69,2,3,0,0,22,1,1,11,0,6
535,30-Aug-21,2021-08-30,Deceased,0,13,0,15,0,0,0,1,3,0,1,3,0,0,15,132,0,0,0,52,2,1,2,-145,67,0,4,0,1,21,2,1,2,1,11
536,31-Aug-21,2021-08-31,Deceased,0,19,0,5,0,0,0,1,3,0,2,3,1,0,25,115,0,0,0,104,1,4,3,3,68,0,58,0,0,22,1,2,3,6,13
537,01-Sep-21,2021-09-01,Deceased,0,10,0,11,0,0,0,0,1,0,0,5,1,0,21,173,0,0,0,183,2,4,1,0,53,1,3,0,0,20,3,0,2,0,12
538,02-Sep-21,2021-09-02,Deceased,0,10,1,6,1,2,0,0,0,0,2,1,0,0,22,188,0,0,0,55,6,7,1,-10,6,2,1,0,1,20,2,2,16,0,13
539,03-Sep-21,2021-09-03,Deceased,0,10,1,6,0,-1,0,0,1,1,2,4,0,0,19,131,0,0,0,92,2,1,0,16,7,0,2,0,2,19,2,1,13,0,11
540,04-Sep-21,2021-09-04,Deceased,0,16,2,10,0,0,0,0,0,0,2,1,1,1,21,142,0,0,0,64,4,2,3,0,5,1,2,0,0,20,3,0,0,1,8
541,05-Sep-21,2021-09-05,Deceased,0,8,0,6,1,0,0,0,5,0,0,2,0,0,8,74,0,0,0,67,2,4,1,0,7,1,0,0,0,18,1,0,2,0,11
542,06-Sep-21,2021-09-06,Deceased,0,14,3,11,1,1,0,0,2,0,2,2,0,0,17,135,0,0,0,37,4,0,2,5,8,1,5,0,2,18,2,0,5,0,13
543,07-Sep-21,2021-09-07,Deceased,0,10,1,9,0,0,0,1,0,0,1,5,0,0,15,189,0,0,0,86,0,4,2,1,7,1,3,0,1,19,2,0,2,1,7
544,08-Sep-21,2021-09-08,Deceased,0,15,1,4,1,0,0,0,2,0,0,4,1,0,17,181,0,0,0,65,3,4,1,2,8,0,2,0,0,18,1,0,0,0,9
545,09-Sep-21,2021-09-09,Deceased,0,14,0,4,1,1,0,0,0,0,0,6,0,0,4,125,0,0,0,55,1,2,2,0,8,1,2,0,0,21,2,0,0,0,8
546,10-Sep-21,2021-09-10,Deceased,0,6,0,5,0,0,0,0,2,0,0,2,0,0,10,177,0,0,1,44,1,7,3,0,6,0,2,0,1,25,1,2,1,0,14
547,11-Sep-21,2021-09-11,Deceased,0,17,1,8,0,0,0,0,2,0,0,5,1,0,15,181,0,0,0,35,2,6,2,2,8,1,0,0,0,27,1,0,10,0,14
548,12-Sep-21,2021-09-12,Deceased,0,11,0,11,0,0,0,0,1,0,0,1,2,0,17,67,0,0,0,46,2,4,2,3,6,2,0,0,0,22,2,0,9,0,10
549,13-Sep-21,2021-09-13,Deceased,0,12,0,7,0,0,0,0,0,0,121,3,0,0,13,99,0,0,0,27,1,3,4,6,6,0,4,0,0,22,2,0,0,0,10
550,14-Sep-21,2021-09-14,Deceased,0,9,1,9,0,1,0,0,2,0,0,3,0,0,12,129,0,0,0,52,3,2,3,1,4,0,7,0,1,27,1,0,1,0,12
551,15-Sep-21,2021-09-15,Deceased,0,11,0,8,0,0,0,0,70,0,1,2,1,0,8,208,0,0,0,56,2,6,4,0,6,2,0,0,1,29,1,1,1,0,14
552,16-Sep-21,2021-09-16,Deceased,0,14,0,4,0,0,0,1,0,0,0,3,0,0,18,178,0,0,0,45,4,3,3,2,4,2,3,0,0,25,1,0,1,0,7
553,17-Sep-21,2021-09-17,Deceased,0,8,0,9,0,1,0,1,1,0,0,0,1,0,18,131,0,0,0,67,5,1,3,4,4,1,0,0,0,17,2,1,1,0,9
554,18-Sep-21,2021-09-18,Deceased,0,9,0,2,0,0,0,0,2,0,0,2,0,0,14,143,0,0,0,80,4,3,3,1,6,1,0,0,0,22,1,0,0,1,12
555,19-Sep-21,2021-09-19,Deceased,0,9,0,7,1,1,0,0,2,0,0,1,0,0,16,152,0,0,0,49,1,5,2,0,7,2,1,0,0,27,1,1,0,0,11
556,20-Sep-21,2021-09-20,Deceased,0,8,1,10,0,2,0,0,1,0,0,3,1,0,24,92,0,0,0,28,1,1,2,1,6,1,31,0,1,23,2,0,0,0,12
557,21-Sep-21,2021-09-21,Deceased,0,11,1,6,0,0,0,0,2,0,0,2,2,0,21,214,0,0,0,70,3,1,6,3,5,0,2,0,0,19,1,1,0,1,14
558,22-Sep-21,2021-09-22,Deceased,0,8,0,4,0,0,0,0,0,0,1,4,0,0,20,142,0,0,0,48,1,4,3,1,4,2,0,0,1,21,1,0,1,0,13
559,23-Sep-21,2021-09-23,Deceased,0,11,0,10,1,0,0,0,0,0,0,3,0,0,15,152,0,0,0,61,2,1,8,2,7,0,2,0,1,27,1,1,1,0,12
560,24-Sep-21,2021-09-24,Deceased,0,10,0,7,0,0,0,0,2,0,0,0,1,0,23,127,0,0,1,51,5,3,7,1,6,0,1,0,1,27,2,0,1,2,13
561,25-Sep-21,2021-09-25,Deceased,0,7,1,4,0,1,0,0,0,0,1,4,1,0,11,120,0,0,0,58,0,2,1,1,7,2,1,0,2,22,1,1,0,0,11
562,26-Sep-21,2021-09-26,Deceased,0,11,0,5,0,0,0,0,4,0,0,3,1,0,9,165,0,0,0,36,3,1,6,0,5,2,1,0,1,14,0,0,0,0,9
563,27-Sep-21,2021-09-27,Deceased,0,6,0,8,0,0,0,0,0,0,0,0,0,0,20,58,0,0,0,32,1,3,9,1,5,0,1,0,1,19,2,0,0,0,15
564,28-Sep-21,2021-09-28,Deceased,0,8,1,10,0,0,0,2,5,0,64,3,0,2,17,149,0,0,2,60,5,2,2,1,7,1,2,0,0,17,1,0,1,0,13
565,29-Sep-21,2021-09-29,Deceased,0,13,1,7,0,1,0,0,4,0,0,3,0,0,17,155,0,0,2,49,2,3,3,1,5,1,4,0,0,24,1,1,1,1,14
566,30-Sep-21,2021-09-30,Deceased,0,13,0,5,1,1,0,0,2,0,0,1,0,0,14,122,0,0,0,56,1,4,3,0,6,0,3,0,0,28,2,1,0,0,15
567,01-Oct-21,2021-10-01,Deceased,0,10,1,3,0,0,0,0,3,0,0,3,1,0,13,95,0,0,0,50,3,0,4,1,4,0,2,0,0,25,1,0,0,1,13
568,02-Oct-21,2021-10-02,Deceased,0,9,0,4,0,0,0,1,0,0,0,2,1,0,4,121,0,0,0,49,2,1,3,0,7,0,2,0,1,24,1,1,0,0,9
569,03-Oct-21,2021-10-03,Deceased,0,9,0,1,0,0,0,0,0,0,0,0,0,0,8,74,0,0,0,40,2,2,3,0,5,1,0,0,0,23,1,1,2,0,10
570,04-Oct-21,2021-10-04,Deceased,0,4,0,9,0,2,0,0,3,0,0,4,0,0,13,149,0,0,0,27,6,1,7,0,6,1,1,0,0,16,2,0,0,0,12
571,05-Oct-21,2021-10-05,Deceased,0,11,0,7,0,0,0,0,2,1,1,3,0,0,13,151,0,0,0,39,3,1,5,0,3,1,4,0,0,16,1,0,2,0,11
572,06-Oct-21,2021-10-06,Deceased,0,9,2,6,0,0,0,0,0,1,0,2,2,0,9,134,1,0,0,90,4,3,4,1,4,1,1,0,0,25,1,0,0,1,15
573,07-Oct-21,2021-10-07,Deceased,0,8,0,8,0,0,0,0,1,1,0,4,0,0,7,141,0,0,0,49,1,1,7,1,7,0,0,0,0,27,1,0,0,0,13
574,08-Oct-21,2021-10-08,Deceased,0,6,1,5,0,1,0,0,2,0,0,2,0,0,5,120,0,0,0,59,6,2,2,1,4,1,3,0,0,20,1,0,0,0,6
575,09-Oct-21,2021-10-09,Deceased,0,8,0,5,0,1,0,0,1,1,0,3,0,0,9,101,0,0,1,44,0,2,1,2,4,1,0,0,0,14,2,1,0,0,12
576,10-Oct-21,2021-10-10,Deceased,0,4,0,5,0,0,0,1,3,0,0,5,0,0,10,85,0,0,0,28,3,4,9,0,7,0,2,0,0,15,1,0,0,0,11
577,11-Oct-21,2021-10-11,Deceased,0,2,0,5,0,0,0,0,1,0,0,2,0,0,10,84,0,0,0,36,0,2,4,0,6,2,0,0,0,13,2,0,-1,0,9
578,12-Oct-21,2021-10-12,Deceased,0,12,0,3,0,0,0,0,2,0,0,4,0,0,11,106,0,0,0,43,2,2,5,2,6,0,0,0,1,18,1,0,0,1,10
579,13-Oct-21,2021-10-13,Deceased,0,8,0,2,0,0,0,0,1,0,0,1,0,0,10,123,0,0,0,49,2,3,7,0,7,1,1,0,1,19,1,0,2,0,11
580,14-Oct-21,2021-10-14,Deceased,0,10,0,2,0,0,0,0,2,0,174,4,0,0,6,96,0,0,0,35,0,3,3,0,6,0,6,0,0,20,1,0,0,0,10
581,15-Oct-21,2021-10-15,Deceased,0,9,0,1,0,0,0,0,4,0,0,2,0,0,9,67,0,0,0,29,4,1,3,1,5,0,2,0,1,16,1,0,0,0,8
582,16-Oct-21,2021-10-16,Deceased,0,7,0,5,0,0,0,0,3,0,0,2,0,0,6,57,0,0,0,26,2,2,5,0,3,0,1,0,0,15,1,0,1,0,10
583,17-Oct-21,2021-10-17,Deceased,0,5,0,6,0,0,0,0,4,0,0,1,0,0,4,74,0,0,0,29,2,1,2,0,3,1,3,0,0,15,1,0,0,0,14
584,18-Oct-21,2021-10-18,Deceased,0,6,0,7,0,0,0,0,4,0,0,5,2,0,12,60,0,0,0,27,0,3,5,1,5,0,0,0,0,13,2,0,0,0,12
585,19-Oct-21,2021-10-19,Deceased,0,4,0,0,0,0,0,1,4,0,0,2,0,0,14,77,0,0,0,49,4,1,4,1,4,2,5,0,1,16,1,0,0,0,9
586,20-Oct-21,2021-10-20,Deceased,0,3,0,1,0,1,0,0,0,1,0,0,1,0,9,82,0,0,0,21,3,0,3,0,2,0,1,0,1,20,1,0,0,1,9
587,21-Oct-21,2021-10-21,Deceased,0,7,0,4,0,1,0,0,3,0,0,4,0,0,8,118,0,0,0,39,1,2,5,1,2,0,1,0,0,20,1,0,1,0,14
588,22-Oct-21,2021-10-22,Deceased,0,6,0,2,0,0,0,1,0,0,0,2,0,0,11,563,0,0,0,40,2,2,0,1,3,1,0,0,0,19,1,0,0,0,12
589,23-Oct-21,2021-10-23,Deceased,0,6,0,3,0,0,0,0,1,0,0,1,0,0,7,464,0,0,0,33,0,0,5,1,4,2,0,0,1,17,2,0,0,0,12
590,24-Oct-21,2021-10-24,Deceased,0,4,0,6,0,0,0,0,0,0,0,0,0,0,5,363,0,0,0,18,4,3,6,0,4,2,0,0,0,15,1,0,0,1,10
591,25-Oct-21,2021-10-25,Deceased,0,7,0,5,0,0,0,0,0,1,0,3,1,0,10,281,0,0,0,12,2,0,1,2,3,0,2,0,0,14,2,0,0,0,11
592,26-Oct-21,2021-10-26,Deceased,0,6,0,3,0,1,0,0,4,0,0,2,1,0,7,482,0,0,0,32,2,0,7,0,4,0,1,0,1,15,1,0,0,0,15
593,27-Oct-21,2021-10-27,Deceased,0,8,0,6,0,2,0,0,1,0,0,2,0,0,13,622,0,0,1,38,2,2,5,0,2,0,2,0,0,12,1,0,0,0,15
594,28-Oct-21,2021-10-28,Deceased,0,1,0,2,0,0,0,0,0,0,0,4,1,2,17,708,0,0,0,36,1,1,1,3,4,0,0,0,0,12,1,0,1,1,9
595,29-Oct-21,2021-10-29,Deceased,0,2,0,3,0,0,0,0,0,0,0,3,0,1,7,471,0,0,0,36,1,0,2,0,3,0,1,0,0,11,2,0,0,0,8
596,30-Oct-21,2021-10-30,Deceased,0,2,0,4,0,1,0,0,1,1,0,5,0,0,10,358,0,0,0,26,1,0,3,0,4,0,1,0,0,14,1,0,0,0,13
597,31-Oct-21,2021-10-31,Deceased,0,4,0,1,0,1,0,0,0,0,0,1,0,0,11,167,0,0,0,20,1,1,2,1,4,0,1,0,1,19,1,0,0,0,15
598,1-Nov-21,2021-11-01,Deceased,0,4,0,7,0,1,0,0,0,1,0,4,4,0,2,368,0,0,0,10,2,2,2,0,3,1,1,0,0,20,2,0,0,1,8
599,2-Nov-21,2021-11-02,Deceased,0,5,0,7,0,2,0,0,2,0,0,4,2,0,5,187,0,0,0,48,2,4,1,1,4,1,1,0,1,21,1,0,1,0,11
600,3-Nov-21,2021-11-03,Deceased,0,4,0,4,0,3,0,0,0,0,0,4,0,0,2,362,0,0,0,39,1,0,1,1,3,0,1,0,1,19,1,0,1,0,14
601,4-Nov-21,2021-11-04,Deceased,0,2,0,4,0,0,0,0,0,0,1,2,0,0,4,136,1,0,0,32,1,0,3,0,4,1,0,0,0,15,1,0,0,0,14
602,5-Nov-21,2021-11-05,Deceased,0,3,0,5,0,1,0,0,0,0,0,0,2,0,7,314,0,0,0,17,3,1,5,1,3,1,0,0,0,13,2,0,1,0,13
603,6-Nov-21,2021-11-06,Deceased,0,1,0,2,0,0,0,0,1,0,0,6,0,0,5,467,0,0,0,10,1,0,1,1,4,1,0,0,1,10,1,0,0,0,14
604,7-Nov-21,2021-11-07,Deceased,0,5,0,2,0,0,0,0,1,0,0,5,0,0,5,201,0,0,0,16,3,1,3,0,3,0,2,0,0,15,2,0,0,0,11
605,8-Nov-21,2021-11-08,Deceased,0,4,0,3,0,0,0,0,2,0,0,5,3,0,6,262,0,0,0,15,3,1,1,0,4,0,0,0,1,13,1,0,0,1,14
606,9-Nov-21,2021-11-09,Deceased,0,2,0,3,0,2,0,0,0,0,0,1,2,0,4,384,0,0,0,27,1,1,3,0,3,0,2,0,0,12,1,0,0,0,12
607,10-Nov-21,2021-11-10,Deceased,0,3,0,1,0,1,0,0,1,0,0,5,3,0,9,259,0,0,0,17,2,1,3,3,4,1,1,0,0,10,1,0,1,0,15
608,11-Nov-21,2021-11-11,Deceased,0,3,0,7,0,0,0,0,0,0,0,10,0,0,7,419,0,0,0,28,1,1,0,0,2,0,3,0,0,9,2,0,0,1,13
609,12-Nov-21,2021-11-12,Deceased,0,2,0,1,0,1,0,2,1,0,0,3,0,0,2,471,0,0,0,41,1,0,2,0,3,0,1,0,0,8,1,0,1,0,14
610,13-Nov-21,2021-11-13,Deceased,0,1,0,4,0,0,0,0,2,0,0,9,0,0,3,174,2,0,0,49,4,0,1,0,2,0,0,0,0,14,1,1,4,0,13
611,14-Nov-21,2021-11-14,Deceased,0,3,0,2,0,0,0,1,0,0,0,3,2,0,2,65,0,0,0,18,3,0,3,0,2,2,1,0,0,11,0,0,0,0,7
612,15-Nov-21,2021-11-15,Deceased,0,1,0,3,0,0,0,1,1,0,1,6,3,1,1,127,0,0,0,19,4,2,1,2,2,1,1,0,1,12,2,0,0,0,5
613,16-Nov-21,2021-11-16,Deceased,0,2,0,4,0,0,0,0,1,0,0,1,2,0,7,210,0,0,1,34,0,1,4,1,2,0,0,0,0,15,1,0,0,1,14
614,17-Nov-21,2021-11-17,Deceased,0,3,0,5,0,2,0,0,0,0,0,1,2,0,8,388,0,0,0,32,2,0,0,0,2,1,2,0,0,13,1,0,0,0,8
615,18-Nov-21,2021-11-18,Deceased,0,2,0,4,0,1,0,0,1,0,1,3,2,0,4,372,1,0,0,24,1,2,6,0,3,0,2,0,1,12,1,1,0,0,14
616,19-Nov-21,2021-11-19,Deceased,0,2,0,1,0,0,0,0,0,1,0,2,0,0,4,204,0,0,0,15,3,0,2,0,3,2,3,1,1,13,1,0,0,0,9
617,20-Nov-21,2021-11-20,Deceased,0,1,0,5,0,0,0,0,0,0,1,1,2,1,5,248,0,0,1,15,1,0,1,0,2,0,4,0,0,12,1,0,0,0,12
618,21-Nov-21,2021-11-21,Deceased,0,0,0,1,0,1,0,0,1,0,0,2,0,0,1,196,0,0,0,17,2,0,3,0,2,1,0,0,0,14,1,0,0,0,7
619,22-Nov-21,2021-11-22,Deceased,0,2,0,5,0,0,0,0,0,0,0,3,1,0,2,180,0,0,0,8,0,0,0,1,1,0,2,0,0,13,2,1,0,1,14
620,23-Nov-21,2021-11-23,Deceased,0,1,0,2,0,1,0,0,0,1,0,1,2,0,5,370,0,0,1,19,1,0,3,0,2,0,1,0,0,13,1,1,0,2,10
621,24-Nov-21,2021-11-24,Deceased,0,1,0,2,0,0,0,0,0,0,0,3,2,0,3,308,1,0,0,41,2,0,2,0,3,0,1,0,0,14,1,0,0,0,12
622,25-Nov-21,2021-11-25,Deceased,0,1,0,5,0,0,0,0,2,0,1,1,0,0,2,384,0,0,1,50,1,1,3,0,2,2,3,0,0,17,1,0,0,0,11
623,26-Nov-21,2021-11-26,Deceased,0,1,0,0,0,0,0,0,1,0,0,3,4,0,6,388,0,0,0,34,2,0,1,0,2,0,2,0,0,11,1,0,0,0,9
624,27-Nov-21,2021-11-27,Deceased,0,0,0,5,0,0,0,1,0,0,0,3,3,0,3,554,0,0,0,17,2,3,2,0,3,0,0,0,0,11,1,1,1,0,11
625,28-Nov-21,2021-11-28,Deceased,0,6,0,1,0,0,0,1,1,0,0,2,2,0,2,159,0,0,0,33,1,0,2,0,1,0,3,0,0,9,1,0,0,0,12
626,29-Nov-21,2021-11-29,Deceased,0,1,0,6,0,0,0,1,2,0,0,0,1,0,5,117,1,0,0,21,4,1,1,0,2,0,3,0,0,9,1,2,0,1,11
627,30-Nov-21,2021-11-30,Deceased,0,3,0,5,0,0,0,0,0,0,0,1,0,0,8,177,0,0,0,35,2,1,4,0,2,0,3,0,0,9,2,1,1,0,13
628,1-Dec-21,2021-12-01,Deceased,0,1,0,5,0,0,0,0,0,1,0,1,1,0,2,403,0,0,0,28,1,0,4,0,2,1,3,0,0,11,1,0,0,0,12
629,2-Dec-21,2021-12-02,Deceased,0,1,0,3,1,0,0,0,0,1,0,1,0,1,3,320,0,0,0,24,1,1,2,2,2,0,1,0,0,10,2,1,0,0,12
630,3-Dec-21,2021-12-03,Deceased,0,1,0,2,0,0,0,0,1,0,0,2,2,0,4,269,1,0,0,100,1,1,1,1,3,1,1,0,0,10,2,0,0,0,13
631,4-Dec-21,2021-12-04,Deceased,0,0,0,0,0,0,0,0,0,0,0,0,0,0,0,0,0,0,0,0,0,0,0,0,0,0,0,0,0,8,0,0,0,0,0
632,5-Dec-21,2021-12-05,Deceased,0,7,0,7,2426,0,0,0,2,1,0,0,2,0,10,476,0,0,0,21,2,0,3,0,4,1,1,0,2,8,2,0,0,3,21
633,6-Dec-21,2021-12-06,Deceased,0,1,0,6,0,0,0,1,0,0,0,1,2,0,7,168,0,0,0,5,3,0,1,0,1,0,3,1,0,10,1,0,0,0,9
634,7-Dec-21,2021-12-07,Deceased,0,2,0,1,0,0,0,0,1,0,1,2,4,0,6,134,0,0,1,19,0,0,0,0,1,1,1,0,0,10,1,1,0,0,9
635,8-Dec-21,2021-12-08,Deceased,0,2,0,0,0,1,0,1,0,0,0,2,2,0,6,112,0,0,0,10,0,0,1,0,2,0,2,0,0,11,1,0,0,0,6
636,9-Dec-21,2021-12-09,Deceased,0,3,0,2,0,0,0,0,94,0,0,2,0,0,4,225,0,0,0,7,0,1,2,0,2,1,2,0,0,15,1,0,0,0,7
637,10-Dec-21,2021-12-10,Deceased,0,2,0,1,0,0,0,0,0,3,0,0,1,0,2,340,0,0,0,12,2,0,2,0,3,0,1,0,0,11,1,0,2,1,9
638,11-Dec-21,2021-12-11,Deceased,0,3,0,0,0,0,0,0,0,0,0,1,1,0,2,245,0,0,0,20,2,0,3,0,2,0,1,0,1,13,1,0,1,0,10
639,12-Dec-21,2021-12-12,Deceased,0,1,0,3,0,0,0,0,0,0,0,0,4,0,4,143,1,0,0,16,1,0,6,0,1,0,1,0,0,13,2,0,0,0,6
640,13-Dec-21,2021-12-13,Deceased,0,1,0,0,0,0,0,0,0,1,2,0,3,0,7,203,0,0,0,5,0,0,1,0,2,0,1,2,0,12,1,0,0,0,10
641,14-Dec-21,2021-12-14,Deceased,0,1,0,2,0,0,0,0,0,1,2,2,2,1,7,174,0,0,0,24,2,1,2,1,1,1,2,0,0,9,1,1,0,0,10
642,15-Dec-21,2021-12-15,Deceased,0,3,0,2,0,1,0,0,0,0,1,2,3,0,2,282,0,0,0,10,1,0,4,0,2,0,1,1,0,11,1,0,1,1,13
643,16-Dec-21,2021-12-16,Deceased,0,3,0,4,0,0,0,0,3,0,0,1,5,0,2,320,0,0,0,19,0,1,1,1,1,1,2,0,0,12,2,0,0,0,12
644,17-Dec-21,2021-12-17,Deceased,0,0,0,0,0,0,0,0,0,0,0,0,0,0,0,0,0,0,0,0,0,0,0,0,0,0,0,0,0,5,0,0,0,0,0
645,18-Dec-21,2021-12-18,Deceased,0,3,0,0,0,0,0,0,0,1,1,0,2,0,3,243,1,0,0,12,0,0,1,0,1,0,1,1,0,6,1,0,0,0,7
646,19-Dec-21,2021-12-19,Deceased,0,2,0,6,0,0,0,1,0,0,0,3,2,0,6,314,0,0,0,20,2,0,0,0,3,1,3,0,0,13,2,0,0,0,17
647,20-Dec-21,2021-12-20,Deceased,0,1,0,2,0,0,0,0,0,1,0,0,1,0,2,419,1,0,1,4,0,1,2,0,1,0,1,0,1,6,0,0,0,1,7
648,21-Dec-21,2021-12-21,Deceased,0,1,0,1,0,0,0,1,30,2,1,2,1,0,5,233,0,0,0,14,0,2,0,0,1,0,3,1,0,5,1,0,0,1,12
649,22-Dec-21,2021-12-22,Deceased,0,2,0,2,0,0,0,0,3,2,0,1,1,0,4,383,0,0,1,8,3,0,2,0,1,0,2,0,1,8,1,1,0,0,8
650,23-Dec-21,2021-12-23,Deceased,0,3,0,1,0,1,0,1,0,2,0,0,3,0,2,323,0,0,0,17,1,0,0,1,1,0,1,0,1,8,1,1,0,0,6
651,24-Dec-21,2021-12-24,Deceased,0,2,0,2,0,1,0,0,0,3,0,0,1,0,4,342,0,0,1,12,1,1,1,0,2,0,0,1,0,7,1,0,0,0,5
652,25-Dec-21,2021-12-25,Deceased,0,1,0,0,0,0,0,1,1,2,0,2,2,0,4,115,0,0,0,12,0,1,0,0,1,0,1,1,0,11,2,0,0,1,4
653,26-Dec-21,2021-12-26,Deceased,0,1,0,1,0,0,0,1,0,0,0,0,2,0,3,268,0,0,0,17,1,0,3,0,1,0,1,0,0,10,1,0,0,0,5
654,27-Dec-21,2021-12-27,Deceased,0,0,0,2,0,1,0,1,0,1,0,0,1,0,4,236,1,0,0,21,1,0,0,0,1,0,2,0,0,9,1,0,0,0,10
655,28-Dec-21,2021-12-28,Deceased,0,2,0,2,0,2,0,1,1,1,1,0,1,0,2,244,0,0,1,22,0,0,2,0,2,0,2,0,0,6,1,0,0,0,7
656,29-Dec-21,2021-12-29,Deceased,0,0,0,2,0,0,0,0,0,1,0,1,0,0,6,211,0,0,0,20,0,1,1,0,2,0,2,0,0,8,0,0,0,1,12
657,30-Dec-21,2021-12-30,Deceased,0,1,0,2,0,0,0,0,1,2,0,1,1,1,3,164,0,0,0,22,0,0,0,0,1,1,0,0,0,7,1,0,0,0,12
658,31-Dec-21,2021-12-31,Deceased,0,2,2,0,0,0,0,0,1,0,1,1,2,1,8,353,0,0,0,8,0,0,2,0,2,0,1,1,0,11,2,0,0,1,7
659,1-Jan-22,2022-01-01,Deceased,0,0,0,1,0,1,0,1,0,1,0,1,2,0,5,241,0,0,0,7,0,0,2,0,2,0,0,0,0,8,2,0,0,1,9
660,2-Jan-22,2022-01-02,Deceased,0,2,0,0,0,0,0,1,1,1,0,1,0,2,6,78,1,0,0,9,1,0,0,0,1,0,3,0,0,6,1,0,1,0,8
661,3-Jan-22,2022-01-03,Deceased,0,1,0,2,0,0,0,1,0,3,0,1,0,1,5,71,0,0,0,11,1,0,4,0,0,0,3,0,0,6,1,0,0,0,13
662,4-Jan-22,2022-01-04,Deceased,0,1,0,3,0,3,0,3,2,2,2,0,0,2,4,453,0,0,1,20,2,1,3,0,1,0,2,1,0,9,2,0,0,1,16
663,5-Jan-22,2022-01-05,Deceased,0,0,0,4,0,1,0,8,1,1,0,1,0,0,2,258,1,0,1,8,2,0,1,0,2,0,4,2,0,9,1,0,0,0,17
664,6-Jan-22,2022-01-06,Deceased,0,1,0,2,2,1,0,6,2,1,1,0,3,4,1,221,0,0,0,13,1,0,0,1,1,0,5,0,0,11,2,0,1,3,19
665,7-Jan-22,2022-01-07,Deceased,0,1,0,2,2,3,0,9,2,1,3,1,1,8,4,189,0,0,1,20,0,0,3,0,1,0,1,2,0,8,3,1,1,0,18
666,8-Jan-22,2022-01-08,Deceased,0,2,0,2,0,4,0,7,1,0,2,0,3,3,4,242,0,0,0,13,1,0,1,0,0,1,2,2,0,10,2,0,6,0,19
667,9-Jan-22,2022-01-09,Deceased,0,2,0,1,1,2,,17,1,0,0,1,3,6,4,44,0,0,1,14,1,0,3,0,0,0,10,1,0,12,1,0,4,1,18
668,10-Jan-22,2022-01-10,Deceased,,,,,,,,,,,,,,,,,,,,,,,,,,,,,,,,,,,
669,11-Jan-22,2022-01-11,Deceased,,,,,,,,,,,,,,,,,,,,,,,,,,,,,,,,,,,
670,12-Jan-22,2022-01-12,Deceased,,,,,,,,,,,,,,,,,,,,,,,,,,,,,,,,,,,
671,13-Jan-22,2022-01-13,Deceased,,,,,,,,,,,,,,,,,,,,,,,,,,,,,,,,,,,
672,14-Jan-22,2022-01-14,Deceased,,,,,,,,,,,,,,,,,,,,,,,,,,,,,,,,,,,
673,15-Jan-22,2022-01-15,Deceased,,,,,,,,,,,,,,,,,,,,,,,,,,,,,,,,,,,
674,16-Jan-22,2022-01-16,Deceased,,,,,,,,,,,,,,,,,,,,,,,,,,,,,,,,,,,
675,17-Jan-22,2022-01-17,Deceased,,,,,,,,,,,,,,,,,,,,,,,,,,,,,,,,,,,
676,18-Jan-22,2022-01-18,Deceased,,,,,,,,,,,,,,,,,,,,,,,,,,,,,,,,,,,
677,19-Jan-22,2022-01-19,Deceased,,,,,,,,,,,,,,,,,,,,,,,,,,,,,,,,,,,
678,20-Jan-22,2022-01-20,Deceased,,,,,,,,,,,,,,,,,,,,,,,,,,,,,,,,,,,
679,21-Jan-22,2022-01-21,Deceased,,,,,,,,,,,,,,,,,,,,,,,,,,,,,,,,,,,
680,22-Jan-22,2022-01-22,Deceased,,,,,,,,,,,,,,,,,,,,,,,,,,,,,,,,,,,